text,user_id_hashed,war,ua,ru,datetime,media
–°–æ–ª–æ–≤—å—ë–≤ –Ω–∞ –¢–í —Å–ª–∏—à–∫–æ–º —Å–∞–º–æ–Ω–∞–¥–µ–µ–Ω! –¢–µ–ø–µ—Ä—å –Ω–µ —Å–º–æ—Ç—Ä—é!,72f304f096c0b2bceaf4a3306496c3fd,0.99999595,0.0029915995,0.9970084,2022-02-21 06:35:03,Radio rossii
"–•–æ—Ä–æ—à–æ, —á—Ç–æ –∏ —Ä–∞–¥–∏–æ —Ç–æ–∂–µ –º–æ–∂–Ω–æ –≤—ã–∫–ª—é—á–∏—Ç—å",ebad81df1d2d2436e163b84c98d80d0a,0.99416274,0.0057402505,0.9942597,2022-02-21 20:35:55,Radio rossii
–ê–≥—Ä–µ—Å—Å–∏—è –£–∫—Ä–∞–∏–Ω—ã —Å–æ —Å—Ç–æ—Ä–æ–Ω—ã –°–®–ê,91443c44c09765323fc56920f964ff7b,0.99999607,3.7602884e-05,0.99996245,2022-02-22 14:11:28,Radio rossii
"–ü—É—Å—Ç—å –ó–∞–ø–∞—à–Ω—ã–π –∏—Ö –∏ –∫–æ—Ä–º–∏—Ç, —Ç–∏–≥—Ä–∏–Ω—ã–º –º—è—Å–æ–ºüòÇüá©üá™!!!",a4138d12f4728de6acad94ccb23a56e9,0.99996877,0.20258139,0.79741865,2022-02-22 14:45:40,Radio rossii
–î–∞–≤–Ω–æ –ø–æ—Ä–∞!,72f304f096c0b2bceaf4a3306496c3fd,0.99999595,0.0029915995,0.9970084,2022-02-22 13:28:35,Radio rossii
"–ü–æ–∑–¥—Ä–∞–≤–ª—è–µ–º -–û–ª—å–≥—É –ú–∞–∫—Å–∏–º–æ–≤—É ,–¥–∏–∫—Ç–æ—Ä–∞ —Ä–∞–¥–∏–æ ,—Å–ø—Ä–∞–∑–¥–Ω–∏–∫–æ–º -8–º–∞—Ä—Ç–∞ !!!–ú—ã-–í–∞—Å –æ—á–µ–Ω—å –ª—é–±–∏–º !!!",06a0674c71b86bd99e8b38160da8a96a,9.675082e-07,0.010564409,0.98943555,2022-03-08 12:07:31,Radio rossii
–°–ø–∞—Å–∏–±–æ!!,8a1fcd5f34713de7136c3ee592d696ff,8.599763e-05,0.16197523,0.8380248,2022-03-08 12:13:59,Radio rossii
"–° –ø—Ä–∞–∑–¥–Ω–∏–∫–æ–º –≤–∞—Å, –¥–µ–≤—á–∞—Ç–∞!",921a9083c638aab336be49373231bf82,0.0013943831,8.369416e-05,0.9999163,2022-03-08 12:17:58,Radio rossii
–° –ø—Ä–∞–∑–¥–Ω–∏–∫–æ–º –≤—Å–µ—Ö –∂–µ–Ω—â–∏–Ω —Ä–∞–¥–∏–æ!!,ad9d9ce59449fcff6a7ffed7a43c9e15,1.7186986e-06,0.009851856,0.9901481,2022-03-08 12:25:29,Radio rossii
–ü—Ä–∏—Å–æ–µ–¥–∏–Ω—è—é—Å—å - —Å –ø—Ä–∞–∑–¥–Ω–∏–∫–æ–º –Ω–∞—à–∏ –º–∏–ª—ã–µ –≤–µ–¥—É—â–∏–µ-–∂–µ–Ω—â–∏–Ω—ã –∏ –¥–µ–≤—É—à–∫–∏!!!,5b3fb0467125331dcbfc85989c0be941,1.1182599e-06,0.007498159,0.9925019,2022-03-08 14:35:58,Radio rossii
–°–ø–∞—Å–∏–±–æ –∑–∞ –ø–æ–∑–¥—Ä–∞–≤–ª–µ–Ω–∏–µ!!,792e904f2bb6971d8deeb66395799ff6,0.99999607,6.683631e-05,0.9999331,2022-03-08 15:09:31,Radio rossii
–ü–æ—Å–ª—É—à–∞–µ–ºüòéü§ò,373e1494a78c8f199beb2f2e8fb75c90,0.998577,0.025161153,0.97483885,2022-03-06 18:09:31,Radio rossii
–•–æ—Ä–æ—à–∞—è –≥—Ä—É–ø–ø–∞!,425b01fe52275166b2bdb94410501bec,8.145439e-05,0.0070196884,0.9929803,2022-03-06 20:27:03,Radio rossii
"–õ—é–±—ã–µ –ø–µ—Ä–µ–≥–æ–≤–æ—Ä—ã –æ –º–∏—Ä–µ —Å–µ–π—á–∞—Å –∫—Ä–∞–π–Ω–µ –Ω–µ–æ–±—Ö–æ–¥–∏–º—ã –º–µ–∂–¥—É –†–æ—Å—Å–∏–µ–π –∏ –£–∫—Ä–∞–∏–Ω–æ–π! –í—Ä–µ–º—è –≤—Å—ë —Ä–∞—Å—Å—Ç–∞–≤–∏—Ç –ø–æ –º–µ—Å—Ç–∞–º,–Ω–æ –∂–∞–ª—å –º–∏—Ä–Ω—ã—Ö –∂–∏—Ç–µ–ª–µ–π,–∫–æ—Ç–æ—Ä—ã–µ –ø–æ–≥–∏–±–∞—é—Ç –∏–º–µ–Ω–Ω–æ —Å–µ–π—á–∞—Å! –†–æ—Å—Å–∏—è,–ë–µ–ª–æ—Ä—É—Å—Å–∏—è,–£–∫—Ä–∞–∏–Ω–∞ -—ç—Ç–æ –µ–¥–∏–Ω—ã–π –Ω–∞—Ä–æ–¥! –ù–æ —É –∫–∞–∂–¥–æ–≥–æ –Ω–∞—Ä–æ–¥–∞ –µ—Å—Ç—å –æ—Ç—â–µ–ø–µ–Ω—Ü—ã,–±–µ—Å–ø—Ä–µ–¥–µ–ª—å—â–∏–∫–∏,–¥–ª—è –∫–æ—Ç–æ—Ä—ã—Ö –Ω–µ —Å—É—â–µ—Å—Ç–≤—É–µ—Ç –ø–∞—Ç—Ä–∏–æ—Ç–∏–∑–º.–ü–∞—Ç—Ä–∏–æ—Ç–∏–∑–º-—ç—Ç–æ –ø—Ä–µ–∂–¥–µ –≤—Å–µ–≥–æ –ª—é–±–æ–≤—å –∫ —Å–≤–æ–µ–º—É –Ω–∞—Ä–æ–¥—É,–∫ —Å–≤–æ–µ–π —Ä–æ–¥–∏–Ω–µ! –û—á–Ω–∏—Å—å –Ω–∞—Ä–æ–¥ –£–∫—Ä–∞–∏–Ω—ã,–ø–æ–º–æ–≥–∏ –∏–∑–±–∞–≤–∏—Ç—å —Å–≤–æ—é –∑–µ–º–ª—é –æ—Ç —Ñ–∞—à–∏—Å—Ç—Å–∫–∏—Ö –Ω–∞—Ü–∏–æ–Ω–∞–ª–∏—Å—Ç–∏—á–µ—Å–∫–∏—Ö –≥—Ä—É–ø–ø–∏—Ä–æ–≤–æ–∫ ,–∫–æ—Ç–æ—Ä—ã–µ –≤–µ–¥—É—Ç –≤–∞—Å –≤ –ø—Ä–æ–ø–∞—Å—Ç—å!",8c12577cb0faefff746fa7c9f98029a2,0.9999466,5.69281e-05,0.999943,2022-03-04 18:38:33,Radio rossii
"–û —Ç–æ–º, –∫–∞–∫ –ø—Ä–∞–≤–∏–ª—å–Ω–æ –≤–µ—Å—Ç–∏ –ø–µ—Ä–µ–≥–æ–≤–æ—Ä—ã —Å —Ç–µ—Ä—Ä–æ—Ä–∏—Å—Ç–∞–º–∏ –∏ –Ω–∞—Ü–∏—Å—Ç–∞–º–∏",c410cd7b45c55cf99cbf2e0cb81ba3be,0.99999356,0.0023151229,0.99768484,2022-03-05 04:27:27,Radio rossii
"–ù–∞—Ü–∏—Å—Ç—ã –∏ –∏–Ω–æ—Å—Ç—Ä–∞–Ω–Ω—ã–µ —Å–æ–ª–¥–∞—Ç—ã, –≤–æ—é—é—â–∏–µ –ø—Ä–æ—Ç–∏–≤ —Ä—É—Å—Å–∫–∏—Ö, –∫–∞–∫ –±—ã –Ω–µ –ø–æ–¥ –∫–æ–ª–ø–∞–∫–æ–º –∫–∏–µ–≤—Å–∫–æ–π —Ö—É–Ω—Ç—ã. –ï—Å–ª–∏ –ö–∏–µ–≤ —Ç–∏–ø–∞ —Å–æ–≥–ª–∞—Å–∏—Ç—Å—è –Ω–∞ –º–∏—Ä, —Ç–æ –∫—Ç–æ –Ω–∞—Ü–∏–∫–æ–≤ –æ—Å—Ç–∞–Ω–æ–≤–∏—Ç? –ò –ø–æ–≤—Ç–æ—Ä–∏—Ç—Å—è —Ç–∞ –∂–µ –∏—Å—Ç–æ—Ä–∏—è —Å –º–∏–Ω—Å–∫–∏–º–∏ —Å–æ–≥–ª–∞—à–µ–Ω–∏—è–º–∏, –∫–æ–≥–¥–∞ –æ–¥–Ω–∞ —Å—Ç–æ—Ä–æ–Ω–∞ —Å–æ–≥–ª–∞—à–∞–µ—Ç—Å—è –ø—Ä–∏–æ—Å—Ç–∞–Ω–æ–≤–∏—Ç—å –¥–µ–π—Å—Ç–≤–∏—è, –∞ –¥—Ä—É–≥–∞—è, –Ω–∞–æ–±–æ—Ä–æ—Ç, –∏–¥–µ—Ç –≤ –Ω–∞—Å—Ç—É–ø–ª–µ–Ω–∏–µ.",792e904f2bb6971d8deeb66395799ff6,0.99999607,6.683631e-05,0.9999331,2022-03-06 12:40:15,Radio rossii
"–Ø –¥—É–º–∞—é,—á—Ç–æ –µ—Å–ª–∏ –±—ã –ú–∞–∫—Å–∏–º –î—É–Ω–∞–µ–≤—Å–∫–∏–π –Ω–µ —Å—Ç–∞–ª –±—ã –∫–æ–º–ø–æ–∑–∏—Ç–æ—Ä–æ–º,—Ç–æ –º–æ–≥ —Å—Ç–∞—Ç—å –∫–ª–∞—Å—Å–Ω—ã–º –∞—Ä—Ö–∏—Ç–µ–∫—Ç–æ—Ä–æ–º. –í –ª—é–±–æ–º —Å–ª—É—á–∞–µ –±—ã—Ç—å —Å—ã–Ω–æ–º —Ç–≤–æ—Ä—á–µ—Å–∫–∏—Ö –ª—é–¥–µ–π-—ç—Ç–æ –ø–æ—Å—Ç–æ—è–Ω–Ω–æ –æ–±—â–∞—Ç—å—Å—è —Å –∞—Ä—Ç–∏—Å—Ç–∞–º–∏,—Ö—É–¥–æ–∂–Ω–∏–∫–∞–º–∏,–º—É–∑—ã–∫–∞–Ω—Ç–∞–º–∏,–∫–æ–º–ø–æ–∑–∏—Ç–æ—Ä–∞–º–∏,–∞ –∑–Ω–∞—á–∏—Ç –±—ã—Ç—å —á–∞—Å—Ç—å—é —ç—Ç–æ–≥–æ –∫—Ä—É–≥–∞. –ë—É–¥—É—â–µ–µ –ú–∞–∫—Å–∏–º–∞ –±—ã–ª–æ –ø—Ä–µ–¥–æ–ø—Ä–µ–¥–µ–ª–µ–Ω–æ —Å–∞–º–∏–º –í—Å–µ–≤—ã—à–Ω–∏–º! –ñ–µ–ª–∞—é –¥–æ–±—Ä–∞ –∏ –º–∏—Ä–∞ –≤–∞—à–µ–π ""–î–æ—Ä–æ–≥–æ–π –ø–µ—Ä–µ–¥–∞—á–µ"" –î–∏–∞–Ω–æ—á–∫–∞!",8c12577cb0faefff746fa7c9f98029a2,0.9999466,5.69281e-05,0.999943,2022-03-04 17:47:05,Radio rossii
–≠—Ç–æ—Ç —Ç–æ—Ç —Å–∞–º—ã–π –õ–µ–≤–∞—à–æ–≤ –∫–æ—Ç–æ—Ä—ã–π —Ä–∞–¥–∏–æ—Å–ø–µ–∫—Ç–∞–∫–ª–∏ —á–∏—Ç–∞–ª??,88d064f7da7be00f0bc19c1fff91bada,0.99997926,4.0403163e-05,0.9999596,2022-03-04 14:09:46,Radio rossii
"–†–æ—Å—Å–∏—è –≤ –¥–∞–Ω–Ω–æ–π –≤–æ–µ–Ω–Ω–æ–π –æ–ø–µ—Ä–∞—Ü–∏–∏ —É—á–∞—Å—Ç–≤—É–µ—Ç —Ç–æ–ª—å–∫–æ –ø–æ –ø—Ä–æ—Å—å–±–µ –î–ù–† –∏ –õ–ù–†. –ü–æ—Å–ª–µ –ø—Ä–∏–∑–Ω–∞–Ω–∏—è –†–æ—Å—Å–∏–µ–π —Å—É–≤–µ—Ä–µ–Ω–∏—Ç–µ—Ç–∞ —ç—Ç–∏—Ö —Ä–µ—Å–ø—É–±–ª–∏–∫ –Ω–∞—à–∞ —Å—Ç—Ä–∞–Ω–∞ –∏ –µ—ë —Ä—É–∫–æ–≤–æ–¥—Å—Ç–≤–æ –ø—Ä–æ—Å—Ç–æ –æ–±—è–∑–∞–Ω—ã –ø—Ä–æ—Ç—è–Ω—É—Ç—å —Ä—É–∫—É –ø–æ–º–æ—â–∏ –∏ –æ—Å–≤–æ–±–æ–¥–∏—Ç—å –Ω–∞—Ä–æ–¥ –£–∫—Ä–∞–∏–Ω—ã –æ—Ç –Ω–∞—Ü–∏–æ–Ω–∞–ª–∏—Å—Ç–∏—á–µ—Å–∫–∏—Ö –±–∞–Ω–¥–∏—Ç—Å–∫–∏—Ö –≥—Ä—É–ø–ø–∏—Ä–æ–≤–æ–∫. –ñ–∞–ª—å —Ç–æ–ª—å–∫–æ –º–∏—Ä–Ω–æ–µ –Ω–∞—Å–µ–ª–µ–Ω–∏–µ,–∫–æ—Ç–æ—Ä–æ–µ –Ω–µ–∏–∑–±–µ–∂–Ω–æ —Å—Ç—Ä–∞–¥–∞–µ—Ç –≤ –≤–æ–π–Ω–µ! –ê–º–µ—Ä–∏–∫–∞ –∏ —Å—Ç—Ä–∞–Ω—ã –ï–≤—Ä–æ–ø—ã –ø–ª–æ—Ö–æ –ø–æ–Ω–∏–º–∞—é—Ç –≤–æ —á—Ç–æ –æ–Ω–∏ –≤–≤—è–∑—ã–≤–∞—é—Ç—Å—è,–±—É–º–µ—Ä–∞–Ω–≥ –Ω–∏–∫—Ç–æ –Ω–µ –æ—Ç–º–µ–Ω—è–ª!",8c12577cb0faefff746fa7c9f98029a2,0.9999466,5.69281e-05,0.999943,2022-03-04 18:11:04,Radio rossii
–ù–µ–æ–±—Ö–æ–¥–∏–º–æ —Ä–∞–∑–≤–∏–≤–∞—Ç—å —Å–≤–æ—é –Ω–µ–∑–∞–≤–∏—Å–∏–º—É—é –≥–ª–æ–±–∞–ª—å–Ω—É—é —Å–µ—Ç—å!,6dc9fd92120e41ef09fbc672031a1bf6,0.99999607,5.702878e-05,0.999943,2022-03-06 03:50:58,Radio rossii
"[id6dc9fd92120e41ef09fbc672031a1bf6|–í–ª–∞–¥–∏–º–∏—Ä], –º—ã –∂–µ –≤–µ—Ä–∏–º, —á—Ç–æ –ó–∞–ø–∞–¥ –Ω–∞–º –≤–æ –≤—Å–µ–º –ø–æ–º–æ–∂–µ—Ç.",792e904f2bb6971d8deeb66395799ff6,0.99999607,6.683631e-05,0.9999331,2022-03-06 12:41:42,Radio rossii
"–ü–æ—á–µ–º—É –Ω–µ –º–æ–≥—É—Ç —á–∞—Å—Ç–æ—Ç—É ""–≠—Ö–∞"" –æ—Ç–¥–∞—Ç—å –¥–ª—è ""–†–∞–¥–∏–æ –†–æ—Å—Å–∏–∏""?",521c83d956c3a760d56ca9562ed36340,0.80276203,0.009701686,0.99029833,2022-03-04 16:16:15,Radio rossii
"–ö–ê–ö–ò–ï –ï–©–Å –ù–ê–¶–ò–°–¢–´?   –°–ê–î–ò–°–¢–´ –°–ê–¢–ê–ù–ò–°–¢–´, (–°–ê–î–û-–ú–ê–ó–û), –° –ú–ê–ù–¨–Ø–¶–ö–ò–ú–ò –ù–ê–ö–õ–û–ù–ù–û–°–¢–Ø–ú–ò.",5d81608a59bead8bf7e1edd7823e7ae9,0.00016938268,0.417137,0.58286303,2022-03-03 20:02:50,Radio rossii
"(""–ß–ê–ö–û–¢–ò–õ–¨–ß–ò–ö–ò"" - –í–°–Ø–ö–ò–ï) –° –¢–û–ô –°–¢–û–†–û–ù–´., –ë–û–õ–¨–ù–´–ï.",5d81608a59bead8bf7e1edd7823e7ae9,0.00016938268,0.417137,0.58286303,2022-03-03 20:03:50,Radio rossii
"–ï–°–¢–¨-""–ñ–ê–ñ–î–ê –ö-–í–õ–ê–°–¢–ò"" –≠–¢–û-–û–ü–ê–°–ù–û–°–¢–¨., ""–ñ–ê–ñ–î–ê –ë–ï–ó-–ú–ï–†–ù–ê–Ø –ö-–î–ï–ù–¨–ì–ê–ú"" –≠–¢–û-–¢–û-–ñ–ï –û–ü–ê–°–ù–û–ï –ß–ê–°–¢–û. –ê –í–û–¢ –ï–©–Å ""–ñ–ê–ñ–î–ê –ö–†–û–í–ò"" , (–ù–ê–ö–õ–û–ù–ù–û–°–¢–¨-–ú–ê–ù–¨–Ø–¶–ö–ê–Ø) –ê –ï–©–Å –ò-–ì–†–£–ü–ü–û–ô.",5d81608a59bead8bf7e1edd7823e7ae9,0.00016938268,0.417137,0.58286303,2022-03-03 20:07:04,Radio rossii
–ù–∞—Ä–∫–æ–º–∞–Ω—ã - –≥–æ–ª–æ–≤–æ—Ä–µ–∑—ã! –í—á–µ—Ä–∞ 3/3 -22  –ó–µ–ª–µ–Ω—Å–∫–∏–π –ø–æ –¢–í –±—ã–ª –≤ —Ç–∞–∫–æ–º –∫–∞–π—Ñ–µ!!!,72f304f096c0b2bceaf4a3306496c3fd,0.99999595,0.0029915995,0.9970084,2022-03-04 06:25:02,Radio rossii
"–≠—Ç–æ –∏—É–¥–µ–π—Å–∫–∞—è –≤–æ–π–Ω–∞, –≤ –∫–æ—Ç–æ—Ä–æ–π –≥–∏–±–Ω—É—Ç —Ö—Ä–∏—Å—Ç–∏–∞–Ω–µ",264a84d81ee32b767423012ae23de073,0.99999297,0.9214756,0.07852444,2022-03-04 15:02:39,Radio rossii
"[id72f304f096c0b2bceaf4a3306496c3fd|–õ—é–±–∞], —É –Ω–µ–≥–æ –∂–∏–∑–Ω—å —É–¥–∞–ª–∞—Å—å.",792e904f2bb6971d8deeb66395799ff6,0.99999607,6.683631e-05,0.9999331,2022-03-06 12:42:40,Radio rossii
"[id792e904f2bb6971d8deeb66395799ff6|–ì–∞–ª–∏–Ω–∞], –í—ã —Ç–∞–∫ —Å—á–∏—Ç–∞–µ—Ç–µ? –Ø –µ–º—É –¥–∞–∂–µ –Ω–µ —Å–æ—á—É–≤—Å—Ç–≤—É—é, —Å–∞–º —Å–ª–æ–º–∞–ª —Å–µ–±–µ –∂–∏–∑–Ω—å ! –ò –º–∏–ª–ª–∏–∞—Ä–¥ –µ–º—É –Ω–µ –ø–æ–º–æ–∂–µ—Ç,  —É–±—å—é—Ç –¥—Ä—É–∑—å—è!!!",72f304f096c0b2bceaf4a3306496c3fd,0.99999595,0.0029915995,0.9970084,2022-03-07 06:38:13,Radio rossii
–í–µ—Å–µ–ª–∞—è –ó–∞—Ä—è–¥–∫–∞! üéßüòäüëçüèª,a60cac01a051eb9a2cedf6baf8543403,3.9168506e-05,0.019964186,0.98003584,2022-03-05 09:27:07,Radio rossii
–ö—Ç–æ —Ç–∞–∫–æ–π –í–ª–∞–¥–ª–µ–Ω –¢–∞—Ç–∞—Ä—Å–∫–∏–π? –ö –í–∏–∫—Ç–æ—Ä—É –í–∏—Ç–∞–ª—å–µ–≤–∏—á—É –¢–∞—Ç–∞—Ä—Å–∫–æ–º—É –æ—Ç–Ω–æ—à–µ–Ω–∏–µ –∏–º–µ–µ—Ç?,88d064f7da7be00f0bc19c1fff91bada,0.99997926,4.0403163e-05,0.9999596,2022-03-04 05:34:14,Radio rossii
"[club172033083|–§–∞–Ω–∞—Ç—ã ""–†–∞–¥–∏–æ –†–æ—Å—Å–∏–∏""], –ø–æ—á–µ–º—É ""–∫–æ–Ω–µ—á–Ω–æ""?",88d064f7da7be00f0bc19c1fff91bada,0.99997926,4.0403163e-05,0.9999596,2022-03-04 12:15:00,Radio rossii
"[club172033083|–§–∞–Ω–∞—Ç—ã ""–†–∞–¥–∏–æ –†–æ—Å—Å–∏–∏""], —è—Å–Ω–æ, –∂–∞–ª—å",88d064f7da7be00f0bc19c1fff91bada,0.99997926,4.0403163e-05,0.9999596,2022-03-04 12:21:25,Radio rossii
"–û—á–µ–Ω—å –∂–∞–ª—å, —á—Ç–æ –±–æ–ª—å—à–µ –Ω–µ –±—É–¥–µ—Ç –µ–≥–æ –ø–µ—Ä–µ–¥–∞—á!!! üòî",ced63462bd6caa41fe0be167f2dba39a,0.0028282225,0.020758756,0.9792412,2022-03-02 15:36:54,Radio rossii
"–í—Å—Ç—Ä–µ—á–∞ —Å –ø–µ—Å–Ω–µ–π, –ø—Ä–æ—â–∞–πüò¢üò¢üò¢üò¢",14914af2cc4702c4130290722ff28178,0.00017649251,0.017580258,0.9824197,2022-03-02 16:15:43,Radio rossii
"–Ø —É—Å–ª—ã—à–∞–ª–∞ –≥–æ–ª–æ—Å –í–∏–∫—Ç–æ—Ä–∞ –¢–∞—Ç–∞—Ä—Å–∫–æ–≥–æ –±—É–¥—É—á–∏ —à–∫–æ–ª—å–Ω–∏—Ü–µ–π –∏ –≤—Å—é –∂–∏–∑–Ω—å —Å—Ç–∞—Ä–∞–ª–∞—Å—å –Ω–µ –ø—Ä–æ–ø—É—Å–∫–∞—Ç—å –µ–≥–æ (–ù–ê–®–ï–ô) ""–í—Å—Ç—Ä–µ—á–∏ —Å –ø–µ—Å–Ω–µ–π"", –∞ —ç—Ç–æ –ø–æ–ª–≤–µ–∫–∞! –í—Å—ë —Å–æ–±–∏—Ä–∞–ª–∞—Å—å –Ω–∞–ø–∏—Å–∞—Ç—å, –ø–æ–±–ª–∞–≥–æ–¥–∞—Ä–∏—Ç—å.... –∏ –≤–æ—Ç... –°–≤–µ—Ç–ª–∞—è, —Å–≤–µ—Ç–ª–∞—è –ø–∞–º—è—Ç—å.",3ff722baf5a40ab662ccde44c7c604bd,1.8308907e-05,0.00046012818,0.99953985,2022-03-02 17:16:28,Radio rossii
–°–∞–º —Ñ–∞–∫—Ç –æ—Ç–ø–µ–≤–∞–Ω–∏—è –ø–æ –ø—Ä–∞–≤–æ—Å–ª–∞–≤–Ω–æ–º—É –æ–±—ã—á–∞—é —á–µ–ª–æ–≤–µ–∫–∞ –¥—Ä—É–≥–æ–π –Ω–∞—Ü–∏–æ–Ω–∞–ª—å–Ω–æ–π –ø—Ä–∏–Ω–∞–¥–ª–µ–∂–Ω–æ—Å—Ç–∏ –≥–æ–≤–æ—Ä–∏—Ç –æ –º–Ω–æ–≥–æ–Ω–∞—Ü–∏–æ–Ω–∞–ª—å–Ω–æ—Å—Ç–∏ –∏ –º–Ω–æ–≥–æ–∫—É–ª—å—Ç—É—Ä–Ω–æ—Å—Ç–∏ –Ω–∞—à–µ–π –°—Ç—Ä–∞–Ω—ã.  –°–ø–∞—Å–∏–±–æ –±–æ–ª—å—à–æ–µ –í–∏–∫—Ç–æ—Ä—É –í–∏—Ç–∞–ª—å–µ–≤–∏—á—É –∑–∞ –Ω–µ–æ—Ü–µ–Ω–∏–º—ã–π –≤–∫–ª–∞–¥ –≤ —Ä–∞–∑–≤–∏—Ç–∏–µ —ç—Ç–æ–π —Å–∞–º–æ–π –∫—É–ª—å—Ç—É—Ä—ã.,88d064f7da7be00f0bc19c1fff91bada,0.99997926,4.0403163e-05,0.9999596,2022-03-02 17:40:18,Radio rossii
üôèüôè,f38e063887453eea48cc3b6eeb93437e,0.9989957,0.011150025,0.98884994,2022-03-02 17:55:51,Radio rossii
"–í—ã–¥–∞—é—â–∏–π—Å—è —á–µ–ª–æ–≤–µ–∫, –∫–æ—Ç–æ—Ä—ã–π –≤–æ—Å–ø–∏—Ç–∞–ª –Ω–µ –æ–¥–Ω–æ –ø–æ–∫–æ–ª–µ–Ω–∏–µ. –í–µ—á–Ω–∞—è –ø–∞–º—è—Ç—å.",89e1e99f4f6581def269da33c717be6d,8.129603e-07,0.0009571561,0.99904287,2022-03-02 18:27:04,Radio rossii
–£—Ö–æ–¥—è—Ç –Ω–µ–∑–∞–º–µ–Ω–∏–º—ã–µ...,2fc5838aea4595aef2bf22baed15a3e0,6.5588676e-05,0.05367017,0.94632983,2022-03-02 18:50:18,Radio rossii
–¶–∞—Ä—Å—Ç–≤–∏–µ –Ω–µ–±–µ—Å–Ω–æ–µ —Å–∞–º–æ–º—É —Ö–æ—Ä–æ—à–µ–º—É –≤–µ–¥—É—â–µ–º—É.,89d9842afb2b9efbb117207fa60ba4b5,4.3208544e-05,0.038933076,0.9610669,2022-03-02 19:14:03,Radio rossii
–ê –±—É–¥—É—Ç –ª–∏ 4 –º–∞—Ä—Ç–∞ –ø–µ—Ä–µ–¥–∞—á–∏ –ø–∞–º—è—Ç–∏ –í–∏–∫—Ç–æ—Ä–∞ –¢–∞—Ç–∞—Ä—Å–∫–æ–≥–æ?,89d9842afb2b9efbb117207fa60ba4b5,4.3208544e-05,0.038933076,0.9610669,2022-03-02 19:14:46,Radio rossii
—Å–≤–µ—Ç–ª–∞—è –ø–∞–º—è—Ç—å –ø—Ä–µ–∫—Ä–∞—Å–Ω–æ–º—É —Ä–∞–¥–∏–æ–≤–µ–¥—É—â–µ–º—É,d3110332d8a124787449f543a43b2b21,9.890717e-07,0.00069555605,0.9993044,2022-03-02 21:41:16,Radio rossii
–ü—Ä–æ—à—É –†–∞–¥–∏–æ –†–æ—Å—Å–∏–∏ —Å–æ—Ö—Ä–∞–Ω–∏—Ç—å —ç—Ç—É –ø–µ—Ä–µ–¥–∞—á—É. –≠—Ç–æ –±—É–¥–µ—Ç –ª—É—á—à–µ–π –ø–∞–º—è—Ç—å—é –æ –í–∏–∫—Ç–æ—Ä–µ –¢–∞—Ç–∞—Ä—Å–∫–æ–º!,89e1e99f4f6581def269da33c717be6d,8.129603e-07,0.0009571561,0.99904287,2022-03-03 06:05:25,Radio rossii
–£—Ö–æ–¥–∏—Ç —Ü–µ–ª–∞—è —ç–ø–æ—Ö–∞ –Ω–∞ —Ä–∞–¥–∏–æ,6dc9fd92120e41ef09fbc672031a1bf6,0.99999607,5.702878e-05,0.999943,2022-03-03 17:11:29,Radio rossii
–ú–∏—Ä –µ–≥–æ –ø—Ä–∞—Ö—É.,c5bd6a779b71b865b0e50702f0379aff,0.9998053,0.040686216,0.95931375,2022-03-04 05:44:43,Radio rossii
üò¢üå∑üå∑üå∑üò©,def5fb19c45e0d001683c5845d914e06,0.001809378,0.008867874,0.9911321,2022-03-04 10:06:02,Radio rossii
"[idced63462bd6caa41fe0be167f2dba39a|–ù–∞–¥–µ–∂–¥–∞], –ø–µ—Ä–µ–¥–∞—á–∞ –í–∏–∫—Ç–æ—Ä–∞ –í–∏—Ç–∞–ª—å–µ–≤–∏—á–∞ –ø—Ä–æ–¥–æ–ª–∂–∏—Ç –≤—ã—Ö–æ–¥–∏—Ç—å –≤ —ç—Ñ–∏—Ä! –í–∏–∫—Ç–æ—Ä –í–∏—Ç–∞–ª—å–µ–≤–∏—á –ø–æ–¥–≥–æ—Ç–æ–≤–∏–ª –∑–∞—Ä–∞–Ω–µ–µ –≤—ã–ø—É—Å–∫–∏ –ø—Ä–æ–≥—Ä–∞–º–º, –∏ —É –Ω–∞—Å –µ—Å—Ç—å –æ–≥—Ä–æ–º–Ω—ã–π –∞—Ä—Ö–∏–≤ –ø—Ä–æ–≥—Ä–∞–º–º. ""–í—Å—Ç—Ä–µ—á–∞ —Å –ø–µ—Å–Ω–µ–π"" –Ω–∞–≤—Å–µ–≥–¥–∞ —Å –†–∞–¥–∏–æ –†–æ—Å—Å–∏–∏ –∏ —Å–ª—É—à–∞—Ç–µ–ª—è–º–∏!",e6905bdaec9b3a612c806a18c436e833,6.8044693e-07,0.00017550912,0.99982446,2022-03-02 15:38:31,Radio rossii
"[ide6905bdaec9b3a612c806a18c436e833|–ê–ª–µ–∫—Å–∞–Ω–¥—Ä], –Ω—É ""–Ω–∞–≤—Å–µ–≥–¥–∞"" —ç—Ç–æ –∫ —Å–æ–∂–∞–ª–µ–Ω–∏—é –≤—Ä—è–¥–ª–∏, –Ω–æ —Å–ª–∞–≤–∞ –±–æ–≥—É —á—Ç–æ –Ω–∞–¥–æ–ª–≥–æ –µ—Å—Ç –∑–∞–ø–∞—Å –µ–≥–æ –ø–µ—Ä–µ–¥–∞—á.",88d064f7da7be00f0bc19c1fff91bada,0.99997926,4.0403163e-05,0.9999596,2022-03-02 15:55:09,Radio rossii
–°–ø–∞—Å–∏–±–æ –∑–∞ –∏–Ω—Ñ–æ—Ä–º–∞—Ü–∏—é. –ù–µ—è—Å–Ω–æ —Ç–æ–ª—å–∫–æ –Ω–∞ –∫–∞–∫–æ–º –∫–ª–∞–¥–±–∏—â–µ –ø–æ—Ö–æ—Ä–æ–Ω—ã?,88d064f7da7be00f0bc19c1fff91bada,0.99997926,4.0403163e-05,0.9999596,2022-03-02 15:56:00,Radio rossii
"[id88d064f7da7be00f0bc19c1fff91bada|–ú–∏—Ö–∞–∏–ª], –Ω–∞ –¢—Ä–æ–µ–∫—É—Ä–æ–≤—Å–∫–æ–º –∫–ª–∞–¥–±–∏—â–µ.",10317d37392f2e1ece92a0fb96a7b3a8,0.0004900384,0.012869815,0.9871302,2022-03-02 15:58:46,Radio rossii
"[id10317d37392f2e1ece92a0fb96a7b3a8|–í–∏—Ç–∞–ª–∏–π], —è—Å–Ω–æ, —Å–ø–∞—Å–∏–±–æ, –∂–∞–ª—å —á—Ç–æ –Ω–µ –ù–∞–≤–æ–¥–µ–≤–∏—á–µ–º.",88d064f7da7be00f0bc19c1fff91bada,0.99997926,4.0403163e-05,0.9999596,2022-03-02 16:02:16,Radio rossii
"[idced63462bd6caa41fe0be167f2dba39a|–ù–∞–¥–µ–∂–¥–∞], –¥–∞ –≤—Å–µ –≤—ã–ø—É—Å–∫–∏ –≤—ã–π–¥—É—Ç –¥–æ –ø–æ—Å–ª–µ–¥–Ω–µ–≥–æ",2ea395f9beaad24a5c81f32af5689a5e,6.0640723e-05,0.02580827,0.9741917,2022-03-02 16:12:11,Radio rossii
"[id2ea395f9beaad24a5c81f32af5689a5e|–ö–∏—Ä–∏–ª–ª], –∫–ª–∞—Å—Å–Ω–æ! –ï—â—ë —Ü–µ–ª—ã–π –≥–æ–¥ —Å—á–∞—Å—Ç—è!",88d064f7da7be00f0bc19c1fff91bada,0.99997926,4.0403163e-05,0.9999596,2022-03-02 17:05:47,Radio rossii
"[ide6905bdaec9b3a612c806a18c436e833|–ê–ª–µ–∫—Å–∞–Ω–¥—Ä], —Å–ø–∞—Å–∏–±–æ!!",b49059516eac28c6ea4a657c26880a3c,0.0036009727,0.015718194,0.98428184,2022-03-02 17:28:54,Radio rossii
–°–≤–µ—Ç–ª–∞—è –ø–∞–º—è—Ç—å –í–∏–∫—Ç–æ—Ä—É –í–∏—Ç–∞–ª—å–µ–≤–∏—á—É! –ù–∞–º –≤—Å–µ–º –±—É–¥–µ—Ç –µ–≥–æ –æ—á–µ–Ω—å –Ω–µ —Ö–≤–∞—Ç–∞—Ç—å.,5b643ba6360ea3fc2ecefb59da1427cd,4.631343e-05,0.0026220547,0.997378,2022-03-02 19:32:41,Radio rossii
"[id14914af2cc4702c4130290722ff28178|–ú–∞—Ä–∏—è], –º–æ–∂–µ—Ç –±—ã—Ç—å –±—É–¥–µ—Ç –Ω–æ–≤—ã–π –≤–µ–¥—É—â–∏–π? –Ø –±—ã –ø—Ä–µ–ª–æ–∂–∏–ª –Ω–∞ –≤—ã–±–æ—Ä –Ω–µ—Å–∫–æ–ª—å–∫–æ –∫–∞–Ω–¥–∏–¥–∞—Ç—É—Ä —Å —Å–æ–æ—Ç–≤–µ—Ç—Å–≤—É—é—â–∏–º –≥–æ–ª–æ—Å–æ–º",88d064f7da7be00f0bc19c1fff91bada,0.99997926,4.0403163e-05,0.9999596,2022-03-02 17:06:34,Radio rossii
"[id88d064f7da7be00f0bc19c1fff91bada|–ú–∏—Ö–∞–∏–ª], —ç—Ç–æ –±—É–¥–µ—Ç —É–∂–µ –Ω–µ —Ç–æ",2ea395f9beaad24a5c81f32af5689a5e,6.0640723e-05,0.02580827,0.9741917,2022-03-03 07:52:18,Radio rossii
"[id88d064f7da7be00f0bc19c1fff91bada|–ú–∏—Ö–∞–∏–ª], –î–µ–ª–æ –Ω–µ –≤ –≥–æ–ª–æ—Å–µ. –î–µ–ª–æ –≤ –ø–æ—Å—ã–ª–µ.",2d4901eec38f0c39f7176f541641b42b,0.99991167,0.0124449,0.9875551,2022-03-03 09:42:54,Radio rossii
"[id2d4901eec38f0c39f7176f541641b42b|–°–µ—Ä–≥–µ–π], –Ω–∞–¥–æ –ø–æ–ø—Ä–æ–±–æ–≤–∞—Ç—å, –≤–¥—Ä—É–≥ –±—É–¥–µ—Ç —Ç–æ. –†–∏—Å–∫ –¥–µ–ª–æ –±–ª–∞–≥–æ—Ä–æ–¥–Ω–æ–µ",88d064f7da7be00f0bc19c1fff91bada,0.99997926,4.0403163e-05,0.9999596,2022-03-03 10:53:11,Radio rossii
"[id2d4901eec38f0c39f7176f541641b42b|–°–µ—Ä–≥–µ–π], –∫—Ç–æ-—Ç–æ –¥–æ–ª–∂–µ–Ω –ø—Ä–æ–¥–æ–ª–∂–∏—Ç—å –¥–µ–ª–æ –í–∏–∫—Ç–æ—Ä–∞ –¢–∞—Ç–∞—Ä—Å–∫–æ–≥–æ.",89e1e99f4f6581def269da33c717be6d,8.129603e-07,0.0009571561,0.99904287,2022-03-03 11:29:51,Radio rossii
"[id3ff722baf5a40ab662ccde44c7c604bd|–¢–∞—Ç—å—è–Ω–∞], –Ω–∞–º —É–¥–∞–ª–æ—Å—å –Ω–∞–ø–∏—Å–∞—Ç—å –¥–≤–∞–∂–¥—ã —Å —Ä–∞–∑–Ω–∏—Ü–µ–π –≤ –¥–µ—Å—è—Ç—å –ª–µ—Ç –∏ –æ–±–∞ —Ä–∞–∑–∞ –±—ã–ª–∏ –ø—Ä–æ—á–∏—Ç–∞–Ω—ã –ø–∏—Å—å–º–∞.",88d064f7da7be00f0bc19c1fff91bada,0.99997926,4.0403163e-05,0.9999596,2022-03-02 18:16:37,Radio rossii
"[id89d9842afb2b9efbb117207fa60ba4b5|–ò–≤–∞–Ω], –≤–æ–∑–º–æ–∂–Ω–æ, —á—Ç–æ –Ω–∞ –∫–∞–∫–æ–µ-—Ç–æ –≤—Ä–µ–º—è –º–æ–≥—É—Ç –≤—ã–π—Ç–∏ –ø–æ–≤—Ç–æ—Ä—ã –ø—Ä–æ–≥—Ä–∞–º–º, –∞ –¥–∞–ª—å—à–µ –≤–∏–¥–Ω–æ —Å—Ç–∞–Ω–µ—Ç",bb66c20442504422cb99619085f590db,5.2165153e-05,0.008016543,0.9919835,2022-03-03 19:18:29,Radio rossii
–¢–∞–º –ø–æ—Å–ª–µ –Ω–∏—Ö –±–µ–ª—å√´ –ø—Ä–æ–≤–µ—Ä–∏—Ç—Ç –Ω–∞–¥–æ! –ù–≤–µ—Ä–Ω—è–∫–∞ —Å–ø√´—Ä–ª–∏!,e6744e9fa65699e3da4f5e41a714fbf8,0.9999511,0.1378376,0.8621624,2022-03-02 12:07:03,Radio rossii
–û–ë–°–ï –ø–µ—Ä–µ–¥–∞–≤–∞–ª–∞ –ö–∏–µ–≤—É...,dc6ad723dc5cde8fd8a0d1f81fd4fdf7,0.9999927,6.0598573e-05,0.99993944,2022-03-02 14:42:32,Radio rossii
"[iddc6ad723dc5cde8fd8a0d1f81fd4fdf7|–û–ª—å–≥–∞], –¥–∞–∞–∞! –ö–∞–∫ –±—ã ¬´–º–∏—Ä–æ—Ç–≤–æ—Ä—Ü–∞–º¬ª –Ω–µ –∑–∞—Ö–ª–µ–±–Ω—É—Ç—å—Å—è –≤ –ø–æ—Ç–æ–∫–∞—Ö —Å–æ–±—Å—Ç–≤–µ–Ω–Ω–æ–≥–æ üí©üí©üí©.",86a3760c41a0163c1421b80bec3384f1,0.99997234,0.0011018313,0.9988982,2022-03-03 10:14:42,Radio rossii
"–≠—Ç–∞ –ø–µ—Å–Ω—è - –ø–æ—Å–≤—è—â–∞–µ—Ç—Å—è –º–Ω–æ–≥–æ—Å—Ç—Ä–∞–¥–∞–ª—å–Ω–æ–º—É –î–æ–Ω–±–∞—Å—Å—É –∏ –≤—Å–µ–º—É –ß–µ–ª–æ–≤–µ—á–µ—Å—Ç–≤—É, —á—Ç–æ–±—ã –Ω–∏–∫–æ–≥–¥–∞ –±–æ–ª—å—à–µ –Ω–∞ –ó–µ–º–ª–µ –Ω–µ –±—ã–ª–æ –≤–æ–π–Ω! –ü—É—Å—Ç—å –ú–∏—Ä, –°–ø–æ–∫–æ–π—Å—Ç–≤–∏–µ, –†–∞–¥–æ—Å—Ç—å –∂–∏–∑–Ω–∏ –∏ –Ω–æ–≤—ã–µ –∂–∏–∑–Ω–∏ —Å –¥–µ—Ç—Å–∫–∏–º —Å–º–µ—Ö–æ–º –≤–µ—Ä–Ω—É—Ç—Å—è –Ω–∞ –î–æ–Ω–±–∞—Å—Å! –ê–º–∏–Ω—å!",5adff00e014217655c0f937b309da376,1.0391454e-06,4.4234894e-05,0.9999558,2022-03-01 18:45:58,Radio rossii
"–°–∞–º–æ–µ —É–∂–∞—Å–Ω–æ–µ,—á—Ç–æ –≥–∏–±–Ω—É—Ç –ª—é–¥–∏,–∫–∞–∫ —Å –æ–¥–Ω–æ–π,—Ç–∞–∫ –∏ —Å –¥—Ä—É–≥–æ–π —Å—Ç–æ—Ä–æ–Ω—ã! –í–æ–π–Ω–∞-—ç—Ç–æ –≤—Å–µ–≥–¥–∞ –ø–ª–æ—Ö–æ! –°–∫–æ—Ä–µ–µ –±—ã —É–∂–µ –¥–æ–≥–æ–≤–æ—Ä–∏–ª–∏—Å—å –æ–±–µ —Å—Ç–æ—Ä–æ–Ω—ã –ø—Ä–æ—Ç–∏–≤–æ–±–æ—Ä—Å—Ç–≤—É—é—â–∏–µ –æ –º–∏—Ä–Ω–æ–º —Å–æ—Å—É—â–µ—Å—Ç–≤–æ–≤–∞–Ω–∏–∏! –ñ–∞–ª—å –≤ –≤–æ–π–Ω–∞—Ö –æ—Å–æ–±–µ–Ω–Ω–æ —Å—Ç–∞—Ä–∏–∫–æ–≤ –∏ –¥–µ—Ç–µ–π,–∫–æ—Ç–æ—Ä—ã–µ –Ω–µ —Å–ø–æ—Å–æ–±–Ω—ã —Å–µ–±—è –∑–∞—â–∏—Ç–∏—Ç—å! –ó–¥—Ä–∞–≤–æ–µ —Ä–∞–∑—É–º–Ω–æ–µ —Ä–µ—à–µ–Ω–∏–µ –Ω–µ–æ–±—Ö–æ–¥–∏–º–æ –∫—Ä–∞–π–Ω–µ!",8c12577cb0faefff746fa7c9f98029a2,0.9999466,5.69281e-05,0.999943,2022-03-01 18:28:55,Radio rossii
"–≠—Ç–∞ –ø–µ—Å–Ω—è - –ø–æ—Å–≤—è—â–∞–µ—Ç—Å—è –º–Ω–æ–≥–æ—Å—Ç—Ä–∞–¥–∞–ª—å–Ω–æ–º—É –î–æ–Ω–±–∞—Å—Å—É –∏ –≤—Å–µ–º—É –ß–µ–ª–æ–≤–µ—á–µ—Å—Ç–≤—É, —á—Ç–æ–±—ã –Ω–∏–∫–æ–≥–¥–∞ –±–æ–ª—å—à–µ –Ω–∞ –ó–µ–º–ª–µ –Ω–µ –±—ã–ª–æ –≤–æ–π–Ω! –ü—É—Å—Ç—å –ú–∏—Ä, –°–ø–æ–∫–æ–π—Å—Ç–≤–∏–µ, –†–∞–¥–æ—Å—Ç—å –∂–∏–∑–Ω–∏ –∏ –Ω–æ–≤—ã–µ –∂–∏–∑–Ω–∏ —Å –¥–µ—Ç—Å–∫–∏–º —Å–º–µ—Ö–æ–º –≤–µ—Ä–Ω—É—Ç—Å—è –Ω–∞ –î–æ–Ω–±–∞—Å—Å! –ê–º–∏–Ω—å!",5adff00e014217655c0f937b309da376,1.0391454e-06,4.4234894e-05,0.9999558,2022-03-01 18:46:36,Radio rossii
–£–≤–∞–∂–µ–Ω–∏–µ ‚úä,cde660ad7e2a5d5f67c5e77464e894fb,5.8999718e-05,0.012955573,0.9870444,2022-03-01 12:02:57,Radio rossii
–ü–æ–ª–Ω–æ—Å—Ç—å—é –ø–æ–¥–¥–µ—Ä–∂–∏–≤–∞—é!!! –ó–Ω–æ–±—è—Ç –†—É—Å—å —Å —Å–∞–º–æ–≥–æ –µ—ë –Ω–∞—á–∞–ª–∞!  –ü–æ—Ä–∞ –ø–æ–≤–æ—Ä–∞—á–∏–≤–∞—Ç—å –∏—Å—Ç–æ—Ä–∏—é!,72f304f096c0b2bceaf4a3306496c3fd,0.99999595,0.0029915995,0.9970084,2022-03-01 14:34:17,Radio rossii
"–¢–∞–º ,–≥–¥–µ –æ–≥—Ä–∞–Ω–∏—á–∏–≤–∞—é—Ç —Å–≤–æ–±–æ–¥—É –ø—Ä–æ—Å—Ç–æ–≥–æ –Ω–∞—Ä–æ–¥–∞-—ç—Ç–æ –≤—Å–µ–≥–¥–∞ –∑–∞–∫–∞–Ω—á–∏–≤–∞–µ—Ç—Å—è –ø–ª–∞—á–µ–≤–Ω–æ –¥–ª—è —Ç–µ—Ö,–∫—Ç–æ —Ö–æ—á–µ—Ç –¥–æ–º–∏–Ω–∏—Ä–æ–≤–∞—Ç—å! –†–æ—Å—Å–∏—è-–æ–≥—Ä–æ–º–Ω–∞—è —Å—Ç—Ä–∞–Ω–∞ –∏ –µ—ë ,–∫–∞–∫ —Ç–æ—Ç –ø–∏—Ä–æ–≥,—Ö–æ—Ç—è—Ç –ø–æ –∫—É—Å–æ—á–∫—É —Ä–∞—Å—Ç–∞—â–∏—Ç—å ,–Ω–æ –Ω–µ –ø–æ–ª—É—á–∏—Ç—Å—è! –°–∫–æ–ª—å–∫–æ —Å—É—â–µ—Å—Ç–≤—É–µ—Ç –†–æ—Å—Å–∏—è,–æ–Ω–∞ –≤—Å–µ–≥–¥–∞ –ø–æ–±–µ–∂–¥–∞–ª–∞ –≤ –ª—é–±—ã—Ö –≤–æ–π–Ω–∞—Ö! –û—Å–≤–æ–±–æ–¥–∏—Ç—å –£–∫—Ä–∞–∏–Ω—É –æ—Ç —Ñ–∞—à–∏—Å—Ç–æ–≤-—ç—Ç–æ –∂–µ–ª–∞–Ω–∏–µ –∏ —Å–∞–º–∏—Ö —É–∫—Ä–∞–∏–Ω—Ü–µ–≤,—è —Ç–∞–∫ –¥—É–º–∞—é...",8c12577cb0faefff746fa7c9f98029a2,0.9999466,5.69281e-05,0.999943,2022-03-01 18:45:01,Radio rossii
"–î–∞, –ø—Ä–æ—Ñ–µ—Å—Å–∏–æ–Ω–∞–ª—ã –Ω–∞–º –±–æ–ª—å—à–µ –Ω–µ –Ω—É–∂–Ω—ã. –ù–∞–º –Ω–µ –Ω—É–∂–Ω—ã –∏–Ω—Ñ–µ–∫—Ü–∏–æ–Ω–∏—Å—Ç—ã –∏ –∏–º–º—É–Ω–æ–ª–æ–≥–∏, –Ω–∞–º –Ω–µ –Ω—É–∂–Ω—ã —É—á–µ–Ω—ã–µ –∏ —Ñ–∏–ª–æ—Å–æ—Ñ—ã. –ú—ã –≤–ª–æ–∂–∏–º –≤ —É—Å—Ç–∞ –∏–∑–≤–µ—Å—Ç–Ω–æ–º—É –∞–∫—Ç–µ—Ä—É —Ç–æ, —á—Ç–æ –Ω–µ–∫–æ—Ç–æ—Ä–∞—è —á–∞—Å—Ç—å –ª—é–¥–µ–π –Ω–∞ —Ä–∞–¥–∏–æ –ø–æ—Å—á–∏—Ç–∞—é—Ç –Ω—É–∂–Ω—ã–º? –î–∞, —Å–æ–≤–µ—Ç—Å–∫–∏–µ –∞–∫—Ç–µ—Ä—ã ""–≤–∂–∏–≤–∞–ª–∏—Å—å –≤ –ª—é–±—É—é —Ä–æ–ª—å"", –Ω–æ —à—É–¥—Ä–∞ –º–æ–∂–µ—Ç –±—ã—Ç—å –ø–æ—Ö–æ–∂–∏–º –Ω–∞ –±—Ä–∞—Ö–º–∞–Ω–∞, –æ–¥–Ω–∞–∫–æ –µ—Å–ª–∏ –±—Ä–∞—Ö–º–∞–Ω –Ω–∞–ø–∏—à–µ—Ç –µ–º—É —Ç–µ–∫—Å—Ç.",c4171fc5688ecf4d8ec036164e755bfc,0.99997747,0.0027218573,0.99727815,2022-03-01 20:15:40,Radio rossii
–≠–º–∏—Ä –ö—É—Å—Ç—É—Ä–∏—Ü–∞ –∏–∑–≤–µ—Å—Ç–Ω—ã–π —Å–µ—Ä–±—Å–∫–∏–π –∫–∏–Ω–æ—Ä–µ–∂–∏—Å—Å—ë—Ä –∏ —Ö—É–∂–µ —É–∂ —Ç–æ—á–Ω–æ –Ω–µ –±—É–¥–µ—Ç –≤ —Ç–≤–æ—Ä—á–µ—Å–∫–æ–º –∫–æ–ª–ª–µ–∫—Ç–∏–≤–µ –¢–µ–∞—Ç—Ä–∞ –†–æ—Å—Å–∏–π—Å–∫–æ–π –ê—Ä–º–∏–∏ —Å –µ–≥–æ –ø—Ä–∏—Ö–æ–¥–æ–º –Ω–∞ –¥–æ–ª–∂–Ω–æ—Å—Ç—å —Ö—É–¥–æ–∂–µ—Å—Ç–≤–µ–Ω–Ω–æ–≥–æ —Ä—É–∫–æ–≤–æ–¥–∏—Ç–µ–ª—è!,8c12577cb0faefff746fa7c9f98029a2,0.9999466,5.69281e-05,0.999943,2022-03-01 18:34:40,Radio rossii
"–≠—Ç–∞ –ø–µ—Å–Ω—è - –ø–æ—Å–≤—è—â–∞–µ—Ç—Å—è –º–Ω–æ–≥–æ—Å—Ç—Ä–∞–¥–∞–ª—å–Ω–æ–º—É –î–æ–Ω–±–∞—Å—Å—É –∏ –≤—Å–µ–º—É –ß–µ–ª–æ–≤–µ—á–µ—Å—Ç–≤—É, —á—Ç–æ–±—ã –Ω–∏–∫–æ–≥–¥–∞ –±–æ–ª—å—à–µ –Ω–∞ –ó–µ–º–ª–µ –Ω–µ –±—ã–ª–æ –≤–æ–π–Ω! –ü—É—Å—Ç—å –ú–∏—Ä, –°–ø–æ–∫–æ–π—Å—Ç–≤–∏–µ, –†–∞–¥–æ—Å—Ç—å –∂–∏–∑–Ω–∏ –∏ –Ω–æ–≤—ã–µ –∂–∏–∑–Ω–∏ —Å –¥–µ—Ç—Å–∫–∏–º —Å–º–µ—Ö–æ–º –≤–µ—Ä–Ω—É—Ç—Å—è –Ω–∞ –î–æ–Ω–±–∞—Å—Å! –ê–º–∏–Ω—å!",5adff00e014217655c0f937b309da376,1.0391454e-06,4.4234894e-05,0.9999558,2022-03-01 18:46:58,Radio rossii
"–ï—Å–ª–µ –≤—ã –†–∞–¥–∏–æ –†–æ—Å—Å–∏–∏, –∑–∞—á–µ–º –ê–í–í–ê. –ò–º–µ–π—Ç–µ —É–≤–∞–∂–µ–Ω–∏–µ",6f9d2a810b169b4d228eeaf2e790be3d,0.99997616,0.002318541,0.99768144,2022-03-28 04:44:36,Radio rossii
"–ü–æ—Å–ª—É—à–∞–ª ""–≥–æ–ª–æ—Å –∞–º–µ—Ä–∏–∫–∏"" –æ—Ç –ë–∞–π–¥–µ–Ω–∞ –∏ –Ω–µ —É–¥–µ—Ä–∂–∞–ª—Å—è, —á—Ç–æ–±—ã –µ–≥–æ –Ω–µ –ø—Ä–æ–∫–æ–º–º–µ–Ω—Ç–∏—Ä–æ–≤–∞—Ç—å:",f52b693f40c2409008c0d231d3ef3e91,0.9999865,0.0039055797,0.9960944,2022-03-30 08:38:10,Radio rossii
"""–°–æ–Ω–Ω—ã–π –î–∂–æ , –∏–º–µ—è –≤–∏–¥ –°–™–µ–¥–µ–Ω–Ω–æ–≥–æ —Å—É–ø–∞, –ï—Å–ª–∏ —á—Ç–æ –∏ –≥–æ–≤–æ—Ä–∏—Ç,  –¢–æ —Å–º–µ—à–Ω–æ –∏ –≥–ª—É–ø–æ.""",f52b693f40c2409008c0d231d3ef3e91,0.9999865,0.0039055797,0.9960944,2022-03-30 08:39:08,Radio rossii
–°–ª—ã—à—É –†–∞–¥–∏–æ –†–æ—Å—Å–∏–∏ —Å –ò–≤–∞–Ω–æ–º –ó–∞—Ç–∏–≤–∞—Ö–∏–Ω—ã–º!,0278fb7bc1a40f1a9f0bd7d1b81ba2e9,5.125099e-07,0.0002949777,0.9997051,2022-04-03 09:35:39,Radio rossii
–ò–Ω—Ç–µ—Ä–µ—Å–Ω–æ –≥–æ–≤–æ—Ä–∏—Ç–µ –æ —Ç–µ—Ä–º–æ—Ä–µ–≥—É–ª—è—Ü–∏–∏!,0278fb7bc1a40f1a9f0bd7d1b81ba2e9,5.125099e-07,0.0002949777,0.9997051,2022-04-03 09:36:21,Radio rossii
–Ø —É—á–∏—Ç–µ–ª—å —Å–ª—ã—à—É –†–∞–¥–∏–æ –†–æ—Å—Å–∏–∏!!!,0278fb7bc1a40f1a9f0bd7d1b81ba2e9,5.125099e-07,0.0002949777,0.9997051,2022-04-03 12:09:08,Radio rossii
–ë—É–¥—å—Ç–µ –∑–¥–æ—Ä–æ–≤—ã!,0278fb7bc1a40f1a9f0bd7d1b81ba2e9,5.125099e-07,0.0002949777,0.9997051,2022-04-03 12:09:26,Radio rossii
–°–ª—ã—à—É –†–∞–¥–∏–æ –†–æ—Å—Å–∏–∏ –°–ò–ì–ù–ê–õ–´ –¢–û–ß–ù–û–ì–û –í–†–ï–ú–ï–ù–ò!!! –°–µ—Ä–≥–µ–π –∏–∑ –ö—É—Ä–∞–≥–∏–Ω–æ –ö–ü–†–§.,0278fb7bc1a40f1a9f0bd7d1b81ba2e9,5.125099e-07,0.0002949777,0.9997051,2022-04-05 05:23:43,Radio rossii
"–≠—Ç–æ—Ç —á–µ–ª–æ–≤–µ–∫ –Ω–µ –≤—ã–ø–ª–∞—á–∏–≤–∞–µ—Ç –∑–∞—Ä–ø–ª–∞—Ç—É. –ú–∞–ª–æ —Ç–æ–≥–æ, —á—Ç–æ —É –Ω–µ–≥–æ —Ä–∞–±–æ—Ç–∞—é—Ç –±–µ–∑ –æ—Ñ–æ—Ä–º–ª–µ–Ω–∏—è –∏ —á–µ—Ä–Ω–∞—è –±—É—Ö–≥–∞–ª—Ç–µ—Ä–∏—è, —Ç–∞–∫ –æ–Ω –µ—â—ë –Ω–µ –ø–ª–∞—Ç–∏—Ç —Ä–∞–±–æ—Ç–Ω–∏–∫–∞–º –∑–∞—Ä–∞–±–æ—Ç–∞–Ω–Ω–æ–µ. –ü—Ä–æ—à—É –Ω–∞–∫–∞–∑–∞—Ç—å –µ–≥–æ. –ò–ª–∏ —É –Ω–∞—Å —É–∑–∞–∫–æ–Ω–µ–Ω–Ω–æ–µ —Ä–∞–±—Å—Ç–≤–æ? –≠—Ç–æ –µ–≥–æ –Ω–æ–º–µ—Ä —Ç–µ–ª–µ—Ñ–æ–Ω–∞ 89260050056. –ó–æ–≤—É—Ç –Æ—Ä–∏–π",817087d507e301635fe7c6a0ebe3216a,0.99998856,0.0012558822,0.9987442,2022-04-06 06:27:15,Radio rossii
"–°–ø–∞—Å–∏–±–ª –≤–∞–º –≥—Ä—É–ø—É –ê–π—Ä–æ–Ω –ú—ç–π–¥—ç–Ω , —Ç–æ–ª—å–∫–æ –Ω–∞ –≤–∞—à–µ–º —Ä–∞–¥–∏–æ –∏–∏–∏ –º–æ–∂–Ω–æ —Å–ª—É—à–∞—Ç—å!",a090126df828f0a16b42381a58ee7bf0,2.1077442e-06,0.009865703,0.9901343,2022-04-07 18:47:34,Radio rossii
–ë–ª–∞–≥–æ —á—Ç–æ –≤–∞—à–∞ —Å—Ç–∞–Ω—Ü–∏—è –Ω–∞—á–∞–ª–∞ —Ä–∞–±–æ—Ç–∞—Ç—å –Ω–∞ 999- –∫–≥—Ü –¥–ª—è –≤—Å–µ–≥–æ —é–∂. —á–∞—Å—Ç–∏–∏ —Ä–æ—Å—Å–∏–∏ –∏ –Ω–∞—à–µ–≥–æ –∑–∞—Ä—É–±–µ–∂—å—è,a090126df828f0a16b42381a58ee7bf0,2.1077442e-06,0.009865703,0.9901343,2022-04-07 18:50:07,Radio rossii
"–ñ–∞–ª—å,—á—Ç–æ –†–∞–¥–∏–æ –ú–∞—è–∫ –∏ –†–∞–¥–∏–æ –†–æ—Å—Å–∏–∏ –Ω–µ —Å–æ–∑–¥–∞–ª–∏ –≤ –í–ö –æ—Ç–∫—Ä—ã—Ç—ã–µ —Å–æ–æ–±—â–µ—Å—Ç–≤–æ,–≥—Ä—É–ø–ø—É,–≥–¥–µ —Å–ª—É—à–∞—Ç–µ–ª–∏ –º–æ–≥–ª–∏ –±—ã —Å–≤–æ–±–æ–¥–Ω–æ –æ–±–º–µ–Ω–∏–≤–∞—Ç—å—Å—è –∫–æ–º–º–µ–Ω—Ç–∞—Ä–∏—è–º–∏.",55462d33888b28f8ee8d7e675d86db80,5.3386033e-05,0.0015389238,0.9984611,2022-04-08 13:22:58,Radio rossii
"[id6dc9fd92120e41ef09fbc672031a1bf6|–í–ª–∞–¥–∏–º–∏—Ä], –∞ –º–Ω–µ –ø–æ–≤–µ–∑–ª–æ.  –Ø —è–≤–ª—è—é—Å—å –∞–±–æ–Ω–µ–Ω—Ç–æ–º —Å–µ—Ç–∏ –ø—Ä–æ–≤–æ–¥–Ω–æ–≥–æ –≤–µ—â–∞–Ω–∏—è)",dfba5443144b8c208b76dca90e68ce69,2.0959455e-06,0.3621635,0.6378365,2022-03-28 14:30:39,Radio rossii
"[id6dc9fd92120e41ef09fbc672031a1bf6|–í–ª–∞–¥–∏–º–∏—Ä], –ø—Ä–∏—Å–æ–µ–¥–∏–Ω—è–π—Ç–µ—Å—å –∫ –≥—Ä—É–ø–ø–µ ""–ü—Ä–æ–≤–æ–¥–Ω–æ–µ –≤–µ—â–∞–Ω–∏–µ"", —Ç–∞–º –æ–±—â–∞—é—Ç—Å—è –ª—é–¥–∏, –∫–æ—Ç–æ—Ä—ã–µ –ª—é–±—è—Ç –ü–í –∏ –∫–æ—Ç–æ—Ä—ã–º –Ω–µ–±–µ–∑—Ä–∞–∑–ª–∏—á–Ω–∞ –µ–≥–æ —Å—É–¥—å–±–∞ https://m.vk.com/club11010266?from=groups%253Fact%253Dlist",dfba5443144b8c208b76dca90e68ce69,2.0959455e-06,0.3621635,0.6378365,2022-03-28 14:41:56,Radio rossii
"[club24720111|–†–æ—Å—Ç–µ–ª–µ–∫–æ–º], —è –ø–æ–¥–¥–µ—Ä–∂–∏–≤–∞—é ""–≤–∫—É—Å –∏ —Ü–≤–µ—Ç"" –í–ª–∞–¥–∏–º–∏—Ä–∞! –£–Ω–∏—á—Ç–æ–∂–∞—è —Å–µ—Ç–∏ –ü–í –≤—ã –ø–æ–¥—Ä—ã–≤–∞–µ—Ç–µ –±–µ–∑–æ–ø–∞—Å–Ω–æ—Å—Ç—å –Ω–∞—Å–µ–ª–µ–Ω–∏—è –†–æ—Å—Å–∏–π—Å–∫–æ–π –§–µ–¥–µ—Ä–∞—Ü–∏–∏! –í–∞—à–∞ —Ü–∏—Ñ—Ä–∞ –ª—è–∂–µ—Ç, —Å—Ç–æ–∏—Ç —ç–ª–µ–∫—Ç—Ä–∏—á–µ—Å—Ç–≤–æ –æ—Ç–∫–ª—é—á–∏—Ç—å...–æ—Ç –≤—ã—à–∫–∏ —Å–≤—è–∑–∏... –∏ –≤—Å—ë... –Ω–µ—Ç –Ω–∏ –∏–Ω—Ç–µ—Ä–Ω–µ—Ç–∞, –Ω–∏ –º–æ–±–∏–ª—å–Ω–æ–π —Å–≤—è–∑–∏...  –ü—Ä–æ–≤–æ–¥- —Å–∞–º–æ–µ –Ω–∞–¥—ë–∂–Ω–æ–µ –∏–∑–æ–±—Ä–µ—Ç–µ–Ω–∏–µ!",dfba5443144b8c208b76dca90e68ce69,2.0959455e-06,0.3621635,0.6378365,2022-03-28 14:34:48,Radio rossii
"[ida7db172861f43842804ba81c208175d8|–í–ª–∞–¥–∏–º–∏—Ä], –ø—Ä–∏—Å–æ–µ–¥–∏–Ω—è–π—Ç–µ—Å—å –∫ –≥—Ä—É–ø–ø–µ ""–ü—Ä–æ–≤–æ–¥–Ω–æ–µ –≤–µ—â–∞–Ω–∏–µ"", —Ç–∞–º –æ–±—â–∞—é—Ç—Å—è –ª—é–¥–∏, –∫–æ—Ç–æ—Ä—ã–µ –ª—é–±—è—Ç –ü–í –∏ –∫–æ—Ç–æ—Ä—ã–º –Ω–µ–±–µ–∑—Ä–∞–∑–ª–∏—á–Ω–∞ –µ–≥–æ —Å—É–¥—å–±–∞ https://m.vk.com/club11010266?from=groups%3Fact%3Dlist",dfba5443144b8c208b76dca90e68ce69,2.0959455e-06,0.3621635,0.6378365,2022-03-28 14:42:37,Radio rossii
–ø—Ä–∏–≤–µ—Ç,18fbfff4a1bea43d1510841ea0189a28,1.1034227e-06,0.0022788148,0.9977212,2022-04-08 13:18:53,Radio rossii
73!,67d1818f84014ad07b8841bb9e7e8446,0.99823916,0.018821577,0.98117834,2022-04-09 10:48:17,Radio rossii
–∑–¥—Ä–∞–≤—Å—Ç–≤—É–π—Ç–µ.–º–æ–∏ —Å–æ–æ–±—â–µ–Ω–∏—è –≤ –ø—Ä–∏–ª–æ–∂–µ–Ω–∏–∏ WhatsApp –¥–æ —Å—Ç—É–¥–∏–∏ –Ω–µ –¥–æ—Ö–æ–¥—è—Ç –¥–∞–≤–Ω–æ.–∫—Ç–æ-—Ç–æ —á—Ç–æ-—Ç–æ –Ω–∞–∂–∞–ª –≤–∏–¥–∏–º–æ.–º–æ–∂–µ—Ç –∫—Ç–æ –ø–æ–º–æ—á—å?,361228c09c9371fa174f80c5288f090e,6.5098734e-06,0.00021986487,0.9997801,2022-04-07 13:16:15,Radio rossii
–ø—Ä–∏–≤–µ—Ç,18fbfff4a1bea43d1510841ea0189a28,1.1034227e-06,0.0022788148,0.9977212,2022-04-07 13:45:40,Radio rossii
"[id361228c09c9371fa174f80c5288f090e|–°–µ—Ä–≥–µ–π], https://vk.com/wall-122451079_72885",b2c0e40f916cf07402f61988ec884d38,0.9945688,0.0073298416,0.9926702,2022-04-08 06:45:00,Radio rossii
"–ê –º–æ–≥—É —è –≤–∞—Å –ø–æ–ø—Ä–æ—Å–∏—Ç—å, –≤–µ—Ä–Ω—É—Ç—å –º–Ω–µ –æ–±—â–µ–Ω–∏–µ —Å –ª—é–±–∏–º–æ–π —Å—Ç–∞–Ω—Ü–∏–µ–π –ø–æ WhatsApp? +79196260619",361228c09c9371fa174f80c5288f090e,6.5098734e-06,0.00021986487,0.9997801,2022-04-08 09:19:41,Radio rossii
"–í –ª–µ–≤–æ–π –¥–æ–ª–µ –≥–∏–ø–æ—ç—Ö–æ–≥–µ–Ω–Ω—ã–µ –Ω–µ–æ–¥–Ω–æ—Ä–æ–¥–Ω—ã–µ –æ–±—Ä–∞–∑–æ–≤–∞–Ω–∏—è:14*10*6,6*10,5*10,6*10,-5-5,–≥–∞–ª–æ-,",def5fb19c45e0d001683c5845d914e06,0.001809378,0.008867874,0.9911321,2022-04-07 06:29:57,Radio rossii
–ü—Ä–∞–≤–∞—è –¥–æ–ª—è —É–¥–∞–ª–µ–Ω–∞ –≤ 1970–≥. –ë—ã–ª 1 —É–∑–µ–ª. 78 –ª–µ—Ç,def5fb19c45e0d001683c5845d914e06,0.001809378,0.008867874,0.9911321,2022-04-07 06:37:44,Radio rossii
"–õ–µ–∂–∞–ª–∞  –≤ —Å–æ—Å—É–¥–∏—Å—Ç–æ–º  –æ—Ç–¥–µ–ª–µ–Ω–∏–∏ –≤ –°–µ—á–µ–Ω–æ–≤–∞,  –æ—á–µ–Ω—å  —Ö–æ—Ä–æ—à–∏–µ  –≤—Ä–∞—á–∏,  –º–µ–Ω—è –æ–ø–µ—Ä–∏—Ä–æ–≤–∞–ª   –í–∏–Ω–æ–≥—Ä–∞–¥–æ–≤  –û–ª–µ–≥  , –æ—Ç—á–µ—Å—Ç–≤–æ  –Ω–µ –ø–æ–º–Ω—é , –º–æ–ª–æ–¥–µ—Ü   –∑–æ–ª–æ—Ç—ã–µ  —Ä—É–∫–∏",46fd59c578a79c1417eb22ddf9d3c640,0.9999956,6.854681e-05,0.99993145,2022-04-07 09:14:40,Radio rossii
–ß—Ç–æ –≤—ã –º–æ–∂–µ—Ç–µ —Å–∫–∞–∑–∞—Ç—å –ø—Ä–æ —Å–º–µ—Ä—Ç—å  –ñ–∏—Ä–∏–Ω–æ–≤—Å–∫–æ–≥–æ?,c907efc62a705a154202e3fb0f2198a1,0.9999391,0.36486316,0.63513684,2022-04-06 13:15:02,Radio rossii
–æ—á–µ–Ω—å –∂–∞–ª—å... —Å–≤–µ—Ç–ª–∞—è –ø–∞–º—è—Ç—å...,b6396f4f294b5e5c4dd45f338608c3ee,0.9999964,0.0003343904,0.9996656,2022-04-06 13:20:53,Radio rossii
–ø—Ä–∏–≤–µ—Ç,18fbfff4a1bea43d1510841ea0189a28,1.1034227e-06,0.0022788148,0.9977212,2022-04-06 13:23:23,Radio rossii
"–£–≤. –î–º–∏—Ç—Ä–∏–π, –Ω–∞—Å–ª–µ–¥—É–µ—Ç (–∫–æ–≥–æ?) –ñ–¥–∞–Ω–æ–≤–ê, –ö–∏—Ä–æ–≤–ê, –∞ –Ω–µ –ñ–¥–∞–Ω–æ–≤–£, –ö–∏—Ä–æ–≤–£))) –ò–∑–≤–∏–Ω–∏—Ç–µüòäüòäüòä",6629137e22a0c269f7c74f380688af6a,0.9999058,0.05051909,0.94948095,2022-04-06 11:27:04,Radio rossii
—Ä–∞–¥–∏–æ  –†–æ—Å—Å–∏–∏  –≤–∞—Å  —Å–ª—É—à–∞—é—Ç  –≤  –î–æ–Ω–µ—Ü–∫–µ  –Ω–∞  —á–∞—Å—Ç–æ—Ç–µ   96.5  –§–º,c85defb598a32b544aed5f69374de3ce,0.020465722,7.044459e-05,0.99992955,2022-04-05 13:14:58,Radio rossii
–ø—Ä–∏–≤–µ—Ç,18fbfff4a1bea43d1510841ea0189a28,1.1034227e-06,0.0022788148,0.9977212,2022-04-05 13:52:26,Radio rossii
"–°–ø–∞—Å–∏–±–æ! –ß—Ç–æ —Å–µ–π—á–∞—Å –≤–µ—â–∞–µ—Ç–µ –Ω–∞ —Å—Ä–µ–¥–Ω–µ–π –≤–æ–ª–Ω–µ, –Ω–∞ —á–∞—Å—Ç–æ—Ç–µ 999–∫–ì—Ü",a6f860fa3a8f07833833101d3c6d5d8d,1.6655053e-05,0.0014291358,0.99857086,2022-04-05 20:22:14,Radio rossii
–†–∞–¥–∏–æ –†–æ—Å—Å–∏–∏ –≤–∞—Å —Å–ª—É—à–∞—é—Ç –≤ —Ä–µ—Å–ø—É–±–ª–∏–∫–∞ –ú–æ–ª–¥–æ–≤–∞ 999 –∫–ì—Ü —Å–≤,fe35fbdd4d075b561bc8aa465fafa54e,4.890562e-05,9.9856e-05,0.9999001,2022-04-06 05:59:26,Radio rossii
–Ø —Ç–æ–∂–µ –æ–æ–æ—á–µ–Ω—å —Ä–∞–¥–∞ —ç—Ç–æ–º—É –≤–µ—â–∞–Ω–∏—é !,a090126df828f0a16b42381a58ee7bf0,2.1077442e-06,0.009865703,0.9901343,2022-04-07 18:54:43,Radio rossii
"[ida6f860fa3a8f07833833101d3c6d5d8d|Theo], –¥–∞, —Ç–æ–ª—å–∫–æ –≤–æ—Ç —Å–æ–æ–±—â–∏—Ç—å –≤ –Ω–æ–≤–æ—Å—Ç—è—Ö –ø–æ—á–µ–º—É –æ–Ω–∏ –Ω–µ –º–æ–≥–ª–∏?",f1f21ccfc46b916ef1ebf142a461ed8d,0.9942014,0.009750206,0.9902498,2022-04-05 22:26:53,Radio rossii
"[idf1f21ccfc46b916ef1ebf142a461ed8d|–°–≤—è—Ç–æ—Å–ª–∞–≤], –Ω–µ –∑–Ω–∞—é, —è —É–∑–Ω–∞–ª –≤ —Ç–µ–º–∞—Ç–∏—á–µ—Å–∫–æ–π –≥—Ä—É–ø–ø–µ https://vk.com/radioreceiver –≠—Ç–æ —Ä–∞–¥—É–µ—Ç, –∏–±–æ FM —Å–∏–≥–Ω–∞–ª—ã –Ω–µ –¥–æ–ª–µ—Ç–∞—é—Ç –¥–æ –º–µ–Ω—è)",a6f860fa3a8f07833833101d3c6d5d8d,1.6655053e-05,0.0014291358,0.99857086,2022-04-05 22:31:17,Radio rossii
"–ø—Ä–∏–≤–µ—Ç, –ø–æ—Ä–∞ —Ä–∞—Å–ø–∞—Ö–∏–≤–∞—Ç—å –Ω–µ–∏—Å–ø–æ–ª—å–¥—É–µ–º—ã–µ –ø–æ—Å–µ–≤–Ω—ã–µ –ø–ª–æ—â–∞–¥–∏",6c0703b453a8db884a40a32a664f8f7e,0.999931,0.0002527316,0.9997472,2022-04-05 06:16:33,Radio rossii
–ù—É –≤—ã –Ω–∞—Å–º–µ—à–∏–∏–∏–∏–∏–ª–∏!!! –ü–µ—Ä–µ–∏–º–µ–Ω–æ–≤–∞—Ç—å –î–µ–≥–∞!? –≠—Ç–æ –∂–µ –Ω–∞–¥–æ –¥–æ–π—Ç–∏ –¥–æ —Ç–∞–∫–æ–≥–æ –º–∞—Ä–∞–∑–º–∞!,d9dd061451ed158463fb208a92cbe20c,0.9999932,0.36867833,0.63132167,2022-04-05 06:36:05,Radio rossii
"–ø—Ä–æ–µ–∫—Ç —É–∫—Ä–∞–∏–Ω–∞ –∑–∞–∫–æ–Ω—á–∏–ª—Å—è, –¥–∞–≤–∞–π—Ç–µ –≥–æ–≤–æ—Ä–∏—Ç—å –æ –µ–¥–∏–Ω–æ–º —Ä—É—Å—Å–∫–æ–º –Ω–∞—Ä–æ–¥–µ, –Ω–µ—Ç –Ω–∏–∫–∞–∫–∏—Ö —É–∫—Ä–∞–∏–Ω—Ü–µ–≤.",6c0703b453a8db884a40a32a664f8f7e,0.999931,0.0002527316,0.9997472,2022-04-05 06:38:31,Radio rossii
–ò–¥–∏–æ—Ç–∏–∑–º –ø—Ä–æ—Ü–≤–µ—Ç–∞–µ—Ç,8a1fcd5f34713de7136c3ee592d696ff,8.599763e-05,0.16197523,0.8380248,2022-04-05 06:38:53,Radio rossii
"–∑–∞–ø–∞–¥–Ω—ã–π –ø—Ä–µ–∫—Ç, –∑–∞–ø–∞–¥ –∑–∞ –Ω–µ–≥–æ –≤–ø—Ä—è–≥–∞–µ—Ç—Å—è, –∏–¥–µ–æ–ª–æ–≥–∏—á–µ—Å–∫–∏, –ø—Å–∏—Ö–æ–ª–æ–≥–∏—á–µ—Å–∫–∏, –ø—Ä–æ–ø–∞–≥–∞–Ω–¥–∏—Å—Ç—Å–∫–∏.",6c0703b453a8db884a40a32a664f8f7e,0.999931,0.0002527316,0.9997472,2022-04-05 06:42:51,Radio rossii
"—Ä–∞—Å—Å–∫–∞–∂–∏—Ç–µ –ø—Ä–æ –ø—Ä—É—Å—Å–∏—é, —ç—Ç–æ –ø—Ä–æ —Ä—É—Å—Å–∏—é, –∏–∑–Ω–∞—á–∞–ª—å–Ω–æ —Å–ª–∞–≤—è–Ω—Å–∫—Å–∫–∏–π –Ω–∞—Ä–æ–¥, —Å—Ç–∞–≤—à–∏–π –Ω–µ–º—Ü–∞–º–∏, –Ω–µ–º—ã–º–∏, –∑–∞–±—ã–≤—à–∏–º–∏ —Ä–æ–¥–Ω–æ–π —è–∑—ã–∫.",6c0703b453a8db884a40a32a664f8f7e,0.999931,0.0002527316,0.9997472,2022-04-05 06:44:45,Radio rossii
–ø—Ä–∏–≤–µ—Ç,18fbfff4a1bea43d1510841ea0189a28,1.1034227e-06,0.0022788148,0.9977212,2022-04-04 10:23:41,Radio rossii
–°–ª—É—à–∞—é –í–∞—Å –Ω–∞ üìª,1d17545b29e3d11f48cfbed4292a6639,0.9170539,0.010465105,0.9895349,2022-04-04 10:52:23,Radio rossii
–°–ª—ã—à—É –†–∞–¥–∏–æ –†–æ—Å—Å–∏–∏!!,0278fb7bc1a40f1a9f0bd7d1b81ba2e9,5.125099e-07,0.0002949777,0.9997051,2022-04-04 06:01:33,Radio rossii
–°–ª—É—à–∞—é —Ä–∞–¥–∏–æ –†–æ—Å—Å–∏–∏ –Ω–∞ FM –≤–æ–ª–Ω–µ –≤ –º–∞—à–∏–Ω–µ,91443c44c09765323fc56920f964ff7b,0.99999607,3.7602884e-05,0.99996245,2022-04-04 06:13:47,Radio rossii
"–ï—Å—Ç—å –∂–µ –Ω–µ —Ç–æ–ª—å–∫–æ –º–µ–ª–æ–≤–∞–Ω–Ω–∞—è –±—É–º–∞–≥–∞,–Ω–æ –∏ –æ–±—ã–∫–Ω–æ–≤–µ–Ω–Ω–∞—è,–≥–ª–∞–≤–Ω–æ–µ-—Å–æ–¥–µ—Ä–∂–∞–Ω–∏–µ –¥–æ—Å—Ç–æ–π–Ω–æ–µ –Ω–∞ —ç—Ç–æ–π –±—É–º–∞–≥–µ!",8c12577cb0faefff746fa7c9f98029a2,0.9999466,5.69281e-05,0.999943,2022-04-04 06:17:21,Radio rossii
–°–ø–∞—Å–∏–±–æ! –í–∏–∂—É –≤–∞—Å —Ç–æ–≤–∞—Ä–∏—â–∏ –≤–µ–¥—É—â–∏–µ –≤ –ø—Ä—è–º–æ–º —ç—Ñ–∏—Ä–µ –Ω–∞ –†–∞–¥–∏–æ –†–æ—Å—Å–∏–∏!,0278fb7bc1a40f1a9f0bd7d1b81ba2e9,5.125099e-07,0.0002949777,0.9997051,2022-04-04 06:17:27,Radio rossii
–Ø –≤ 2006 –≥–æ–¥—É —Ä–∞–±–æ—Ç–∞–ª –≤ –í—ã—Å—à–µ–π —à–∫–æ–ª–µ —Å–æ—Ü–∏–∞–ª—å–Ω—ã—Ö –æ—Ç–Ω–æ—à–µ–Ω–∏–π –≤ –≥–æ—Ä–æ–¥–µ –ú–∏–Ω—É—Å–∏–Ω—Å–∫.,0278fb7bc1a40f1a9f0bd7d1b81ba2e9,5.125099e-07,0.0002949777,0.9997051,2022-04-04 06:19:31,Radio rossii
d....,85918e391b21c20ceae48d038c6f5085,0.9998952,0.37263006,0.6273699,2022-04-04 09:50:23,Radio rossii
