id,quality,bot_trader,label
146504901,HIGH,PARIK,bot
200792854,HIGH,PARIK,bot
234570153,HIGH,PARIK,bot
258759154,HIGH,PARIK,bot
299387666,HIGH,PARIK,bot
407905209,HIGH,PARIK,bot
408911563,HIGH,PARIK,bot
421730139,HIGH,PARIK,bot
430678592,HIGH,PARIK,bot
456506555,HIGH,PARIK,bot
491469460,HIGH,PARIK,bot
495484426,HIGH,PARIK,bot
511289377,HIGH,PARIK,bot
514867397,HIGH,PARIK,bot
530747572,HIGH,PARIK,bot
554667652,HIGH,PARIK,bot
558402970,HIGH,PARIK,bot
570552080,HIGH,PARIK,bot
571112751,HIGH,PARIK,bot
573710836,HIGH,PARIK,bot
574702328,HIGH,PARIK,bot
574868798,HIGH,PARIK,bot
577399821,HIGH,PARIK,bot
577858954,HIGH,PARIK,bot
577918572,HIGH,PARIK,bot
579344148,HIGH,PARIK,bot
579710907,HIGH,PARIK,bot
580220942,HIGH,PARIK,bot
581451286,HIGH,PARIK,bot
582174032,HIGH,PARIK,bot
582455700,HIGH,PARIK,bot
583574600,HIGH,PARIK,bot
583941680,HIGH,PARIK,bot
584105895,HIGH,PARIK,bot
584379791,HIGH,PARIK,bot
584876168,HIGH,PARIK,bot
585085762,HIGH,PARIK,bot
585527627,HIGH,PARIK,bot
183972,HIGH,PARIK,bot
14466280,HIGH,PARIK,bot
22652905,HIGH,PARIK,bot
29858711,HIGH,PARIK,bot
63926591,HIGH,PARIK,bot
66507883,HIGH,PARIK,bot
146684855,HIGH,PARIK,bot
165453104,HIGH,PARIK,bot
176906017,HIGH,PARIK,bot
190522149,HIGH,PARIK,bot
191882763,HIGH,PARIK,bot
207071556,HIGH,PARIK,bot
220823830,HIGH,PARIK,bot
235436537,HIGH,PARIK,bot
238593195,HIGH,PARIK,bot
242204748,HIGH,PARIK,bot
246099232,HIGH,PARIK,bot
252511183,HIGH,PARIK,bot
256189081,HIGH,PARIK,bot
259912343,HIGH,PARIK,bot
263854973,HIGH,PARIK,bot
266440081,HIGH,PARIK,bot
309774454,HIGH,PARIK,bot
311353290,HIGH,PARIK,bot
315295732,HIGH,PARIK,bot
334282809,HIGH,PARIK,bot
339289873,HIGH,PARIK,bot
339360287,HIGH,PARIK,bot
347510228,HIGH,PARIK,bot
348461842,HIGH,PARIK,bot
354686389,HIGH,PARIK,bot
355221227,HIGH,PARIK,bot
358089297,HIGH,PARIK,bot
363530174,HIGH,PARIK,bot
368220091,HIGH,PARIK,bot
378660198,HIGH,PARIK,bot
381431000,HIGH,PARIK,bot
385896799,HIGH,PARIK,bot
392426414,HIGH,PARIK,bot
394998260,HIGH,PARIK,bot
396383302,HIGH,PARIK,bot
398118165,HIGH,PARIK,bot
403418134,HIGH,PARIK,bot
406571432,HIGH,PARIK,bot
416177216,HIGH,PARIK,bot
422731088,HIGH,PARIK,bot
429099895,HIGH,PARIK,bot
429598196,HIGH,PARIK,bot
430993105,HIGH,PARIK,bot
441881808,HIGH,PARIK,bot
447965391,HIGH,PARIK,bot
457969737,HIGH,PARIK,bot
458287033,HIGH,PARIK,bot
460900244,HIGH,PARIK,bot
462248683,HIGH,PARIK,bot
469530774,HIGH,PARIK,bot
470452104,HIGH,PARIK,bot
471202333,HIGH,PARIK,bot
471367365,HIGH,PARIK,bot
471653233,HIGH,PARIK,bot
476416813,HIGH,PARIK,bot
479311302,HIGH,PARIK,bot
493943094,HIGH,PARIK,bot
500684348,HIGH,PARIK,bot
507397500,HIGH,PARIK,bot
512320702,HIGH,PARIK,bot
512837776,HIGH,PARIK,bot
512899736,HIGH,PARIK,bot
513087077,HIGH,PARIK,bot
513131942,HIGH,PARIK,bot
515867020,HIGH,PARIK,bot
517514727,HIGH,PARIK,bot
519689359,HIGH,PARIK,bot
520402590,HIGH,PARIK,bot
523056474,HIGH,PARIK,bot
526654563,HIGH,PARIK,bot
532614220,HIGH,PARIK,bot
533135358,HIGH,PARIK,bot
533217685,HIGH,PARIK,bot
538219674,HIGH,PARIK,bot
538813160,HIGH,PARIK,bot
539299680,HIGH,PARIK,bot
540220533,HIGH,PARIK,bot
541659997,HIGH,PARIK,bot
542018213,HIGH,PARIK,bot
542372439,HIGH,PARIK,bot
543175813,HIGH,PARIK,bot
543242511,HIGH,PARIK,bot
544518053,HIGH,PARIK,bot
551291368,HIGH,PARIK,bot
556159611,HIGH,PARIK,bot
556348420,HIGH,PARIK,bot
559134531,HIGH,PARIK,bot
559441323,HIGH,PARIK,bot
561196259,HIGH,PARIK,bot
562395817,HIGH,PARIK,bot
562957167,HIGH,PARIK,bot
564051840,HIGH,PARIK,bot
564996476,HIGH,PARIK,bot
565890593,HIGH,PARIK,bot
568300360,HIGH,PARIK,bot
569130863,HIGH,PARIK,bot
570179454,HIGH,PARIK,bot
571353850,HIGH,PARIK,bot
571626037,HIGH,PARIK,bot
572987262,HIGH,PARIK,bot
573564401,HIGH,PARIK,bot
574320143,HIGH,PARIK,bot
574655743,HIGH,PARIK,bot
574910757,HIGH,PARIK,bot
574994709,HIGH,PARIK,bot
575299094,HIGH,PARIK,bot
576357317,HIGH,PARIK,bot
576542601,HIGH,PARIK,bot
576987066,HIGH,PARIK,bot
577027177,HIGH,PARIK,bot
577129203,HIGH,PARIK,bot
579281303,HIGH,PARIK,bot
579785417,HIGH,PARIK,bot
580304095,HIGH,PARIK,bot
580831796,HIGH,PARIK,bot
581305761,HIGH,PARIK,bot
581683333,HIGH,PARIK,bot
581984838,HIGH,PARIK,bot
582027824,HIGH,PARIK,bot
583159156,HIGH,PARIK,bot
583192363,HIGH,PARIK,bot
583342703,HIGH,PARIK,bot
583517975,HIGH,PARIK,bot
583554871,HIGH,PARIK,bot
583684531,HIGH,PARIK,bot
583782146,HIGH,PARIK,bot
583821602,HIGH,PARIK,bot
584017051,HIGH,PARIK,bot
584165267,HIGH,PARIK,bot
584247982,HIGH,PARIK,bot
584260163,HIGH,PARIK,bot
584573574,HIGH,PARIK,bot
584605410,HIGH,PARIK,bot
584633977,HIGH,PARIK,bot
584713334,HIGH,PARIK,bot
584852939,HIGH,PARIK,bot
584872797,HIGH,PARIK,bot
584912474,HIGH,PARIK,bot
584970295,HIGH,PARIK,bot
585042876,HIGH,PARIK,bot
585269950,HIGH,PARIK,bot
585408474,HIGH,PARIK,bot
585477913,HIGH,PARIK,bot
585478754,HIGH,PARIK,bot
585514737,HIGH,PARIK,bot
585522510,HIGH,PARIK,bot
585539792,HIGH,PARIK,bot
585625552,HIGH,PARIK,bot
585743800,HIGH,PARIK,bot
585770878,HIGH,PARIK,bot
585791480,HIGH,PARIK,bot
585813171,HIGH,PARIK,bot
585815147,HIGH,PARIK,bot
585942901,HIGH,PARIK,bot
585956083,HIGH,PARIK,bot
585980763,HIGH,PARIK,bot
585991852,HIGH,PARIK,bot
586000376,HIGH,PARIK,bot
586027420,HIGH,PARIK,bot
182432190,HIGH,PARIK,bot
186507876,HIGH,PARIK,bot
202013449,HIGH,PARIK,bot
202670848,HIGH,PARIK,bot
213645552,HIGH,PARIK,bot
222446283,HIGH,PARIK,bot
229773872,HIGH,PARIK,bot
245559720,HIGH,PARIK,bot
245574386,HIGH,PARIK,bot
249226700,HIGH,PARIK,bot
259566612,HIGH,PARIK,bot
272655492,HIGH,PARIK,bot
277802194,HIGH,PARIK,bot
292366539,HIGH,PARIK,bot
301897813,HIGH,PARIK,bot
303477326,HIGH,PARIK,bot
314291590,HIGH,PARIK,bot
328929497,HIGH,PARIK,bot
335285617,HIGH,PARIK,bot
336792541,HIGH,PARIK,bot
360324680,HIGH,PARIK,bot
365990968,HIGH,PARIK,bot
384111122,HIGH,PARIK,bot
397175878,HIGH,PARIK,bot
398182688,HIGH,PARIK,bot
402491367,HIGH,PARIK,bot
403364300,HIGH,PARIK,bot
415280113,HIGH,PARIK,bot
440525473,HIGH,PARIK,bot
447332409,HIGH,PARIK,bot
454015832,HIGH,PARIK,bot
455105457,HIGH,PARIK,bot
456857245,HIGH,PARIK,bot
457977670,HIGH,PARIK,bot
469858682,HIGH,PARIK,bot
485183869,HIGH,PARIK,bot
486716922,HIGH,PARIK,bot
487893416,HIGH,PARIK,bot
489355458,HIGH,PARIK,bot
493445267,HIGH,PARIK,bot
495342984,HIGH,PARIK,bot
513646219,HIGH,PARIK,bot
513941273,HIGH,PARIK,bot
514301574,HIGH,PARIK,bot
517630373,HIGH,PARIK,bot
519506676,HIGH,PARIK,bot
520966475,HIGH,PARIK,bot
524981754,HIGH,PARIK,bot
541152389,HIGH,PARIK,bot
541777065,HIGH,PARIK,bot
542930166,HIGH,PARIK,bot
543965822,HIGH,PARIK,bot
548397464,HIGH,PARIK,bot
550876187,HIGH,PARIK,bot
553690168,HIGH,PARIK,bot
558203777,HIGH,PARIK,bot
558636554,HIGH,PARIK,bot
559498136,HIGH,PARIK,bot
560053992,HIGH,PARIK,bot
562495934,HIGH,PARIK,bot
566941441,HIGH,PARIK,bot
567131110,HIGH,PARIK,bot
567967544,HIGH,PARIK,bot
567980219,HIGH,PARIK,bot
569175325,HIGH,PARIK,bot
572387902,HIGH,PARIK,bot
573316963,HIGH,PARIK,bot
574080037,HIGH,PARIK,bot
574748811,HIGH,PARIK,bot
574868829,HIGH,PARIK,bot
575382521,HIGH,PARIK,bot
576319073,HIGH,PARIK,bot
577906600,HIGH,PARIK,bot
581599677,HIGH,PARIK,bot
582736995,HIGH,PARIK,bot
582916841,HIGH,PARIK,bot
582922894,HIGH,PARIK,bot
583058466,HIGH,PARIK,bot
583463157,HIGH,PARIK,bot
583907970,HIGH,PARIK,bot
584242808,HIGH,PARIK,bot
584255448,HIGH,PARIK,bot
584430675,HIGH,PARIK,bot
584762134,HIGH,PARIK,bot
584995595,HIGH,PARIK,bot
585043948,HIGH,PARIK,bot
585067954,HIGH,PARIK,bot
585416898,HIGH,PARIK,bot
585475810,HIGH,PARIK,bot
585505546,HIGH,PARIK,bot
585510942,HIGH,PARIK,bot
585518611,HIGH,PARIK,bot
585726405,HIGH,PARIK,bot
585763438,HIGH,PARIK,bot
585824232,HIGH,PARIK,bot
75835,HIGH,MARSHRUTKA,bot
881865,HIGH,MARSHRUTKA,bot
1849259,HIGH,MARSHRUTKA,bot
1855431,HIGH,MARSHRUTKA,bot
3042494,HIGH,MARSHRUTKA,bot
3562382,HIGH,MARSHRUTKA,bot
3814051,HIGH,MARSHRUTKA,bot
4004257,HIGH,MARSHRUTKA,bot
4686542,HIGH,MARSHRUTKA,bot
5141937,HIGH,MARSHRUTKA,bot
5442360,HIGH,MARSHRUTKA,bot
5605734,HIGH,MARSHRUTKA,bot
6046230,HIGH,MARSHRUTKA,bot
6217693,HIGH,MARSHRUTKA,bot
6233021,HIGH,MARSHRUTKA,bot
6829226,HIGH,MARSHRUTKA,bot
7379052,HIGH,MARSHRUTKA,bot
7785643,HIGH,MARSHRUTKA,bot
8672074,HIGH,MARSHRUTKA,bot
9108379,HIGH,MARSHRUTKA,bot
10136345,HIGH,MARSHRUTKA,bot
10199077,HIGH,MARSHRUTKA,bot
10333393,HIGH,MARSHRUTKA,bot
10715537,HIGH,MARSHRUTKA,bot
11772568,HIGH,MARSHRUTKA,bot
12568626,HIGH,MARSHRUTKA,bot
12742988,HIGH,MARSHRUTKA,bot
12899719,HIGH,MARSHRUTKA,bot
13371740,HIGH,MARSHRUTKA,bot
13747936,HIGH,MARSHRUTKA,bot
13838885,HIGH,MARSHRUTKA,bot
13946342,HIGH,MARSHRUTKA,bot
15375848,HIGH,MARSHRUTKA,bot
15909209,HIGH,MARSHRUTKA,bot
16101756,HIGH,MARSHRUTKA,bot
16603808,HIGH,MARSHRUTKA,bot
16831184,HIGH,MARSHRUTKA,bot
17074659,HIGH,MARSHRUTKA,bot
17441766,HIGH,MARSHRUTKA,bot
17514745,HIGH,MARSHRUTKA,bot
17685722,HIGH,MARSHRUTKA,bot
17750251,HIGH,MARSHRUTKA,bot
18073090,HIGH,MARSHRUTKA,bot
18106852,HIGH,MARSHRUTKA,bot
18836301,HIGH,MARSHRUTKA,bot
19236438,HIGH,MARSHRUTKA,bot
19303148,HIGH,MARSHRUTKA,bot
20054756,HIGH,MARSHRUTKA,bot
20840245,HIGH,MARSHRUTKA,bot
20944196,HIGH,MARSHRUTKA,bot
21068803,HIGH,MARSHRUTKA,bot
21705126,HIGH,MARSHRUTKA,bot
21811219,HIGH,MARSHRUTKA,bot
22196269,HIGH,MARSHRUTKA,bot
22538324,HIGH,MARSHRUTKA,bot
22849250,HIGH,MARSHRUTKA,bot
22900197,HIGH,MARSHRUTKA,bot
23181283,HIGH,MARSHRUTKA,bot
24257473,HIGH,MARSHRUTKA,bot
24810141,HIGH,MARSHRUTKA,bot
24871412,HIGH,MARSHRUTKA,bot
26353516,HIGH,MARSHRUTKA,bot
26497060,HIGH,MARSHRUTKA,bot
27210071,HIGH,MARSHRUTKA,bot
27618690,HIGH,MARSHRUTKA,bot
28069922,HIGH,MARSHRUTKA,bot
28703499,HIGH,MARSHRUTKA,bot
28986288,HIGH,MARSHRUTKA,bot
29131869,HIGH,MARSHRUTKA,bot
29845656,HIGH,MARSHRUTKA,bot
29891126,HIGH,MARSHRUTKA,bot
30336777,HIGH,MARSHRUTKA,bot
32586717,HIGH,MARSHRUTKA,bot
32609805,HIGH,MARSHRUTKA,bot
32675129,HIGH,MARSHRUTKA,bot
32704948,HIGH,MARSHRUTKA,bot
33098155,HIGH,MARSHRUTKA,bot
33829908,HIGH,MARSHRUTKA,bot
34084752,HIGH,MARSHRUTKA,bot
34584106,HIGH,MARSHRUTKA,bot
34628508,HIGH,MARSHRUTKA,bot
35218693,HIGH,MARSHRUTKA,bot
35515947,HIGH,MARSHRUTKA,bot
36859419,HIGH,MARSHRUTKA,bot
37041940,HIGH,MARSHRUTKA,bot
37383181,HIGH,MARSHRUTKA,bot
37391038,HIGH,MARSHRUTKA,bot
38464074,HIGH,MARSHRUTKA,bot
39094199,HIGH,MARSHRUTKA,bot
40573588,HIGH,MARSHRUTKA,bot
41514135,HIGH,MARSHRUTKA,bot
42413228,HIGH,MARSHRUTKA,bot
42697457,HIGH,MARSHRUTKA,bot
42850258,HIGH,MARSHRUTKA,bot
43257600,HIGH,MARSHRUTKA,bot
43688874,HIGH,MARSHRUTKA,bot
43858845,HIGH,MARSHRUTKA,bot
45237703,HIGH,MARSHRUTKA,bot
45662232,HIGH,MARSHRUTKA,bot
47815311,HIGH,MARSHRUTKA,bot
47861688,HIGH,MARSHRUTKA,bot
48094913,HIGH,MARSHRUTKA,bot
48387138,HIGH,MARSHRUTKA,bot
50044100,HIGH,MARSHRUTKA,bot
50701378,HIGH,MARSHRUTKA,bot
51979385,HIGH,MARSHRUTKA,bot
52418309,HIGH,MARSHRUTKA,bot
53571794,HIGH,MARSHRUTKA,bot
54566896,HIGH,MARSHRUTKA,bot
54842349,HIGH,MARSHRUTKA,bot
55371874,HIGH,MARSHRUTKA,bot
55500979,HIGH,MARSHRUTKA,bot
59470982,HIGH,MARSHRUTKA,bot
59642888,HIGH,MARSHRUTKA,bot
59840114,HIGH,MARSHRUTKA,bot
59950105,HIGH,MARSHRUTKA,bot
60218989,HIGH,MARSHRUTKA,bot
61300458,HIGH,MARSHRUTKA,bot
61844800,HIGH,MARSHRUTKA,bot
62068699,HIGH,MARSHRUTKA,bot
62541640,HIGH,MARSHRUTKA,bot
63578441,HIGH,MARSHRUTKA,bot
64355035,HIGH,MARSHRUTKA,bot
64379986,HIGH,MARSHRUTKA,bot
64658142,HIGH,MARSHRUTKA,bot
64834645,HIGH,MARSHRUTKA,bot
65446006,HIGH,MARSHRUTKA,bot
66595636,HIGH,MARSHRUTKA,bot
66845250,HIGH,MARSHRUTKA,bot
67000889,HIGH,MARSHRUTKA,bot
67084580,HIGH,MARSHRUTKA,bot
67190986,HIGH,MARSHRUTKA,bot
67636611,HIGH,MARSHRUTKA,bot
68005733,HIGH,MARSHRUTKA,bot
68226996,HIGH,MARSHRUTKA,bot
68851698,HIGH,MARSHRUTKA,bot
69298293,HIGH,MARSHRUTKA,bot
69708601,HIGH,MARSHRUTKA,bot
70894304,HIGH,MARSHRUTKA,bot
72007109,HIGH,MARSHRUTKA,bot
72014303,HIGH,MARSHRUTKA,bot
72464628,HIGH,MARSHRUTKA,bot
72468695,HIGH,MARSHRUTKA,bot
72592776,HIGH,MARSHRUTKA,bot
73308643,HIGH,MARSHRUTKA,bot
73452469,HIGH,MARSHRUTKA,bot
73612729,HIGH,MARSHRUTKA,bot
73912795,HIGH,MARSHRUTKA,bot
75329067,HIGH,MARSHRUTKA,bot
75736826,HIGH,MARSHRUTKA,bot
76208093,HIGH,MARSHRUTKA,bot
77836203,HIGH,MARSHRUTKA,bot
78815431,HIGH,MARSHRUTKA,bot
78910269,HIGH,MARSHRUTKA,bot
80210659,HIGH,MARSHRUTKA,bot
80364038,HIGH,MARSHRUTKA,bot
80709666,HIGH,MARSHRUTKA,bot
81241312,HIGH,MARSHRUTKA,bot
81263634,HIGH,MARSHRUTKA,bot
81526504,HIGH,MARSHRUTKA,bot
82994689,HIGH,MARSHRUTKA,bot
83382206,HIGH,MARSHRUTKA,bot
83410183,HIGH,MARSHRUTKA,bot
83790661,HIGH,MARSHRUTKA,bot
84734879,HIGH,MARSHRUTKA,bot
85286278,HIGH,MARSHRUTKA,bot
85715905,HIGH,MARSHRUTKA,bot
86536980,HIGH,MARSHRUTKA,bot
88396720,HIGH,MARSHRUTKA,bot
90550790,HIGH,MARSHRUTKA,bot
91248973,HIGH,MARSHRUTKA,bot
92254257,HIGH,MARSHRUTKA,bot
92552570,HIGH,MARSHRUTKA,bot
92858267,HIGH,MARSHRUTKA,bot
92925803,HIGH,MARSHRUTKA,bot
93099137,HIGH,MARSHRUTKA,bot
93858069,HIGH,MARSHRUTKA,bot
94107249,HIGH,MARSHRUTKA,bot
94751415,HIGH,MARSHRUTKA,bot
95328698,HIGH,MARSHRUTKA,bot
95823094,HIGH,MARSHRUTKA,bot
96212525,HIGH,MARSHRUTKA,bot
96433953,HIGH,MARSHRUTKA,bot
96599317,HIGH,MARSHRUTKA,bot
97305076,HIGH,MARSHRUTKA,bot
97589170,HIGH,MARSHRUTKA,bot
98164958,HIGH,MARSHRUTKA,bot
99887462,HIGH,MARSHRUTKA,bot
100247325,HIGH,MARSHRUTKA,bot
101697478,HIGH,MARSHRUTKA,bot
102421465,HIGH,MARSHRUTKA,bot
103772226,HIGH,MARSHRUTKA,bot
105315243,HIGH,MARSHRUTKA,bot
105808507,HIGH,MARSHRUTKA,bot
105958254,HIGH,MARSHRUTKA,bot
106327462,HIGH,MARSHRUTKA,bot
107373505,HIGH,MARSHRUTKA,bot
108903662,HIGH,MARSHRUTKA,bot
110276471,HIGH,MARSHRUTKA,bot
111688813,HIGH,MARSHRUTKA,bot
111931305,HIGH,MARSHRUTKA,bot
112904272,HIGH,MARSHRUTKA,bot
113117839,HIGH,MARSHRUTKA,bot
113124564,HIGH,MARSHRUTKA,bot
113556689,HIGH,MARSHRUTKA,bot
114073878,HIGH,MARSHRUTKA,bot
114405593,HIGH,MARSHRUTKA,bot
116886514,HIGH,MARSHRUTKA,bot
117556161,HIGH,MARSHRUTKA,bot
119008434,HIGH,MARSHRUTKA,bot
119475539,HIGH,MARSHRUTKA,bot
119514960,HIGH,MARSHRUTKA,bot
120167742,HIGH,MARSHRUTKA,bot
121284718,HIGH,MARSHRUTKA,bot
121942809,HIGH,MARSHRUTKA,bot
123238181,HIGH,MARSHRUTKA,bot
123304262,HIGH,MARSHRUTKA,bot
123576446,HIGH,MARSHRUTKA,bot
124470770,HIGH,MARSHRUTKA,bot
124944260,HIGH,MARSHRUTKA,bot
125166357,HIGH,MARSHRUTKA,bot
125496621,HIGH,MARSHRUTKA,bot
125869237,HIGH,MARSHRUTKA,bot
126316201,HIGH,MARSHRUTKA,bot
126901629,HIGH,MARSHRUTKA,bot
127725858,HIGH,MARSHRUTKA,bot
127888935,HIGH,MARSHRUTKA,bot
128713042,HIGH,MARSHRUTKA,bot
128723555,HIGH,MARSHRUTKA,bot
131747959,HIGH,MARSHRUTKA,bot
131753837,HIGH,MARSHRUTKA,bot
132509903,HIGH,MARSHRUTKA,bot
133026232,HIGH,MARSHRUTKA,bot
133096769,HIGH,MARSHRUTKA,bot
133314287,HIGH,MARSHRUTKA,bot
133488552,HIGH,MARSHRUTKA,bot
134799605,HIGH,MARSHRUTKA,bot
135184904,HIGH,MARSHRUTKA,bot
135672197,HIGH,MARSHRUTKA,bot
136507629,HIGH,MARSHRUTKA,bot
136537067,HIGH,MARSHRUTKA,bot
137902046,HIGH,MARSHRUTKA,bot
138488535,HIGH,MARSHRUTKA,bot
138492834,HIGH,MARSHRUTKA,bot
139258104,HIGH,MARSHRUTKA,bot
139983568,HIGH,MARSHRUTKA,bot
140039052,HIGH,MARSHRUTKA,bot
140217605,HIGH,MARSHRUTKA,bot
140376139,HIGH,MARSHRUTKA,bot
141380923,HIGH,MARSHRUTKA,bot
141962004,HIGH,MARSHRUTKA,bot
142924541,HIGH,MARSHRUTKA,bot
144006152,HIGH,MARSHRUTKA,bot
144153881,HIGH,MARSHRUTKA,bot
144443253,HIGH,MARSHRUTKA,bot
145237335,HIGH,MARSHRUTKA,bot
145607905,HIGH,MARSHRUTKA,bot
145794645,HIGH,MARSHRUTKA,bot
147099338,HIGH,MARSHRUTKA,bot
147348121,HIGH,MARSHRUTKA,bot
148076578,HIGH,MARSHRUTKA,bot
148416492,HIGH,MARSHRUTKA,bot
149123994,HIGH,MARSHRUTKA,bot
150279871,HIGH,MARSHRUTKA,bot
150364046,HIGH,MARSHRUTKA,bot
150524647,HIGH,MARSHRUTKA,bot
151715067,HIGH,MARSHRUTKA,bot
152074379,HIGH,MARSHRUTKA,bot
152795152,HIGH,MARSHRUTKA,bot
152842304,HIGH,MARSHRUTKA,bot
154828213,HIGH,MARSHRUTKA,bot
155353383,HIGH,MARSHRUTKA,bot
155391773,HIGH,MARSHRUTKA,bot
155489806,HIGH,MARSHRUTKA,bot
156727191,HIGH,MARSHRUTKA,bot
156908839,HIGH,MARSHRUTKA,bot
157383785,HIGH,MARSHRUTKA,bot
157439872,HIGH,MARSHRUTKA,bot
158368930,HIGH,MARSHRUTKA,bot
159092383,HIGH,MARSHRUTKA,bot
159238821,HIGH,MARSHRUTKA,bot
160152490,HIGH,MARSHRUTKA,bot
160289360,HIGH,MARSHRUTKA,bot
160355165,HIGH,MARSHRUTKA,bot
161836716,HIGH,MARSHRUTKA,bot
162711457,HIGH,MARSHRUTKA,bot
162740912,HIGH,MARSHRUTKA,bot
163896708,HIGH,MARSHRUTKA,bot
163973933,HIGH,MARSHRUTKA,bot
164149356,HIGH,MARSHRUTKA,bot
164370360,HIGH,MARSHRUTKA,bot
164419932,HIGH,MARSHRUTKA,bot
164801247,HIGH,MARSHRUTKA,bot
164922911,HIGH,MARSHRUTKA,bot
165878866,HIGH,MARSHRUTKA,bot
166212816,HIGH,MARSHRUTKA,bot
166484410,HIGH,MARSHRUTKA,bot
166762389,HIGH,MARSHRUTKA,bot
167787440,HIGH,MARSHRUTKA,bot
168892038,HIGH,MARSHRUTKA,bot
169383666,HIGH,MARSHRUTKA,bot
169460287,HIGH,MARSHRUTKA,bot
170066576,HIGH,MARSHRUTKA,bot
170255395,HIGH,MARSHRUTKA,bot
171670826,HIGH,MARSHRUTKA,bot
171948199,HIGH,MARSHRUTKA,bot
172795102,HIGH,MARSHRUTKA,bot
173470916,HIGH,MARSHRUTKA,bot
174537297,HIGH,MARSHRUTKA,bot
176024273,HIGH,MARSHRUTKA,bot
176831746,HIGH,MARSHRUTKA,bot
177688137,HIGH,MARSHRUTKA,bot
177704884,HIGH,MARSHRUTKA,bot
179472616,HIGH,MARSHRUTKA,bot
179785042,HIGH,MARSHRUTKA,bot
182526492,HIGH,MARSHRUTKA,bot
182861178,HIGH,MARSHRUTKA,bot
183285384,HIGH,MARSHRUTKA,bot
183340146,HIGH,MARSHRUTKA,bot
184194819,HIGH,MARSHRUTKA,bot
184204711,HIGH,MARSHRUTKA,bot
184545792,HIGH,MARSHRUTKA,bot
184853480,HIGH,MARSHRUTKA,bot
185009009,HIGH,MARSHRUTKA,bot
185176117,HIGH,MARSHRUTKA,bot
185549930,HIGH,MARSHRUTKA,bot
185732366,HIGH,MARSHRUTKA,bot
187100812,HIGH,MARSHRUTKA,bot
188662364,HIGH,MARSHRUTKA,bot
190095606,HIGH,MARSHRUTKA,bot
190475477,HIGH,MARSHRUTKA,bot
191528209,HIGH,MARSHRUTKA,bot
191726665,HIGH,MARSHRUTKA,bot
192011981,HIGH,MARSHRUTKA,bot
192062603,HIGH,MARSHRUTKA,bot
192697180,HIGH,MARSHRUTKA,bot
193142608,HIGH,MARSHRUTKA,bot
194104251,HIGH,MARSHRUTKA,bot
194728658,HIGH,MARSHRUTKA,bot
194875692,HIGH,MARSHRUTKA,bot
195314487,HIGH,MARSHRUTKA,bot
195377332,HIGH,MARSHRUTKA,bot
195628967,HIGH,MARSHRUTKA,bot
196773149,HIGH,MARSHRUTKA,bot
196956765,HIGH,MARSHRUTKA,bot
197126496,HIGH,MARSHRUTKA,bot
197134276,HIGH,MARSHRUTKA,bot
197267196,HIGH,MARSHRUTKA,bot
197959634,HIGH,MARSHRUTKA,bot
199067144,HIGH,MARSHRUTKA,bot
199550331,HIGH,MARSHRUTKA,bot
199843958,HIGH,MARSHRUTKA,bot
547562988,HIGH,MARSHRUTKA,bot
570933756,HIGH,MARSHRUTKA,bot
576589826,HIGH,MARSHRUTKA,bot
576747678,HIGH,MARSHRUTKA,bot
580554168,HIGH,MARSHRUTKA,bot
2733850,LOW,OLENI,bot
31399566,LOW,OLENI,bot
45260812,LOW,OLENI,bot
54314324,LOW,OLENI,bot
83500810,LOW,OLENI,bot
94470217,LOW,OLENI,bot
139422160,LOW,OLENI,bot
155262469,LOW,OLENI,bot
165876740,LOW,OLENI,bot
167386953,LOW,OLENI,bot
181437342,LOW,OLENI,bot
181537667,LOW,OLENI,bot
186756550,LOW,OLENI,bot
188371420,LOW,OLENI,bot
189257678,LOW,OLENI,bot
193066894,LOW,OLENI,bot
193968002,LOW,OLENI,bot
194188745,LOW,OLENI,bot
214083816,LOW,OLENI,bot
227772971,LOW,OLENI,bot
248442841,LOW,OLENI,bot
256257186,LOW,OLENI,bot
259070921,LOW,OLENI,bot
272816987,LOW,OLENI,bot
286460322,LOW,OLENI,bot
297742735,LOW,OLENI,bot
303044367,LOW,OLENI,bot
306540837,LOW,OLENI,bot
308539136,LOW,OLENI,bot
308568941,LOW,OLENI,bot
310976247,LOW,OLENI,bot
320243261,LOW,OLENI,bot
322464314,LOW,OLENI,bot
325658499,LOW,OLENI,bot
326649667,LOW,OLENI,bot
332246458,LOW,OLENI,bot
333843155,LOW,OLENI,bot
333865777,LOW,OLENI,bot
337098401,LOW,OLENI,bot
340140758,LOW,OLENI,bot
343039543,LOW,OLENI,bot
357461199,LOW,OLENI,bot
358348988,LOW,OLENI,bot
360060303,LOW,OLENI,bot
367379852,LOW,OLENI,bot
368087563,LOW,OLENI,bot
371931624,LOW,OLENI,bot
376653953,LOW,OLENI,bot
379056793,LOW,OLENI,bot
379065687,LOW,OLENI,bot
385132605,LOW,OLENI,bot
385851153,LOW,OLENI,bot
386325263,LOW,OLENI,bot
386678237,LOW,OLENI,bot
388360951,LOW,OLENI,bot
396286631,LOW,OLENI,bot
402067632,LOW,OLENI,bot
402121775,LOW,OLENI,bot
402663596,LOW,OLENI,bot
403716857,LOW,OLENI,bot
414183355,LOW,OLENI,bot
414840497,LOW,OLENI,bot
415899813,LOW,OLENI,bot
416774596,LOW,OLENI,bot
418265957,LOW,OLENI,bot
420852566,LOW,OLENI,bot
421810358,LOW,OLENI,bot
425164363,LOW,OLENI,bot
428021511,LOW,OLENI,bot
428906680,LOW,OLENI,bot
436258523,LOW,OLENI,bot
438477403,LOW,OLENI,bot
442024404,LOW,OLENI,bot
451098778,LOW,OLENI,bot
452787108,LOW,OLENI,bot
452892307,LOW,OLENI,bot
459363774,LOW,OLENI,bot
461806350,LOW,OLENI,bot
463480225,LOW,OLENI,bot
464429782,LOW,OLENI,bot
465427016,LOW,OLENI,bot
467167430,LOW,OLENI,bot
467724756,LOW,OLENI,bot
468610666,LOW,OLENI,bot
475636279,LOW,OLENI,bot
475639509,LOW,OLENI,bot
478643859,LOW,OLENI,bot
480309896,LOW,OLENI,bot
482108111,LOW,OLENI,bot
482742970,LOW,OLENI,bot
483661781,LOW,OLENI,bot
483743362,LOW,OLENI,bot
484005950,LOW,OLENI,bot
484244998,LOW,OLENI,bot
484424484,LOW,OLENI,bot
484474365,LOW,OLENI,bot
484796903,LOW,OLENI,bot
484810819,LOW,OLENI,bot
485357348,LOW,OLENI,bot
485404396,LOW,OLENI,bot
487597954,LOW,OLENI,bot
490308070,LOW,OLENI,bot
490733006,LOW,OLENI,bot
490930295,LOW,OLENI,bot
496500835,LOW,OLENI,bot
498345453,LOW,OLENI,bot
498434620,LOW,OLENI,bot
498477392,LOW,OLENI,bot
507952154,LOW,OLENI,bot
508635082,LOW,OLENI,bot
510857687,LOW,OLENI,bot
511205993,LOW,OLENI,bot
512359027,LOW,OLENI,bot
512477052,LOW,OLENI,bot
515765866,LOW,OLENI,bot
517860869,LOW,OLENI,bot
517921392,LOW,OLENI,bot
517931676,LOW,OLENI,bot
517973808,LOW,OLENI,bot
518087424,LOW,OLENI,bot
518865676,LOW,OLENI,bot
519082621,LOW,OLENI,bot
519107618,LOW,OLENI,bot
519310268,LOW,OLENI,bot
519313470,LOW,OLENI,bot
519645600,LOW,OLENI,bot
519675097,LOW,OLENI,bot
519693126,LOW,OLENI,bot
519713817,LOW,OLENI,bot
519724431,LOW,OLENI,bot
520974388,LOW,OLENI,bot
522368242,LOW,OLENI,bot
526003109,LOW,OLENI,bot
528689967,LOW,OLENI,bot
529346156,LOW,OLENI,bot
532413622,LOW,OLENI,bot
532809337,LOW,OLENI,bot
532810000,LOW,OLENI,bot
532811669,LOW,OLENI,bot
533588008,LOW,OLENI,bot
533594037,LOW,OLENI,bot
533594825,LOW,OLENI,bot
533596365,LOW,OLENI,bot
533941199,LOW,OLENI,bot
533975047,LOW,OLENI,bot
534272664,LOW,OLENI,bot
537760151,LOW,OLENI,bot
537924430,LOW,OLENI,bot
537926556,LOW,OLENI,bot
538685631,LOW,OLENI,bot
540378077,LOW,OLENI,bot
542472368,LOW,OLENI,bot
544328065,LOW,OLENI,bot
546386645,LOW,OLENI,bot
547442613,LOW,OLENI,bot
547512948,LOW,OLENI,bot
548013581,LOW,OLENI,bot
548326243,LOW,OLENI,bot
549075122,LOW,OLENI,bot
549331639,LOW,OLENI,bot
549343595,LOW,OLENI,bot
550178598,LOW,OLENI,bot
550517451,LOW,OLENI,bot
551049131,LOW,OLENI,bot
552340635,LOW,OLENI,bot
552682945,LOW,OLENI,bot
552737951,LOW,OLENI,bot
552743317,LOW,OLENI,bot
552743526,LOW,OLENI,bot
552882726,LOW,OLENI,bot
552883671,LOW,OLENI,bot
552886017,LOW,OLENI,bot
553349827,LOW,OLENI,bot
553854406,LOW,OLENI,bot
553854677,LOW,OLENI,bot
553855387,LOW,OLENI,bot
553890485,LOW,OLENI,bot
554254582,LOW,OLENI,bot
554254865,LOW,OLENI,bot
554537452,LOW,OLENI,bot
554815008,LOW,OLENI,bot
555477854,LOW,OLENI,bot
555711091,LOW,OLENI,bot
555913250,LOW,OLENI,bot
558437146,LOW,OLENI,bot
559191223,LOW,OLENI,bot
559650905,LOW,OLENI,bot
561626167,LOW,OLENI,bot
563498206,LOW,OLENI,bot
563593857,LOW,OLENI,bot
563795384,LOW,OLENI,bot
563820411,LOW,OLENI,bot
564517426,LOW,OLENI,bot
564576842,LOW,OLENI,bot
565933088,LOW,OLENI,bot
566628974,LOW,OLENI,bot
567534455,LOW,OLENI,bot
571924511,LOW,OLENI,bot
571929748,LOW,OLENI,bot
572198617,LOW,OLENI,bot
572232951,LOW,OLENI,bot
573557517,LOW,OLENI,bot
573645479,LOW,OLENI,bot
574570365,LOW,OLENI,bot
574699783,LOW,OLENI,bot
575065236,LOW,OLENI,bot
577766980,LOW,OLENI,bot
579392860,LOW,OLENI,bot
579549178,LOW,OLENI,bot
579628980,LOW,OLENI,bot
579724661,LOW,OLENI,bot
579743789,LOW,OLENI,bot
579764835,LOW,OLENI,bot
579818810,LOW,OLENI,bot
580219621,LOW,OLENI,bot
580590972,LOW,OLENI,bot
580793425,LOW,OLENI,bot
580904372,LOW,OLENI,bot
581403217,LOW,OLENI,bot
581403534,LOW,OLENI,bot
581405237,LOW,OLENI,bot
581406829,LOW,OLENI,bot
581543936,LOW,OLENI,bot
581545226,LOW,OLENI,bot
581545745,LOW,OLENI,bot
581546721,LOW,OLENI,bot
581692200,LOW,OLENI,bot
581692597,LOW,OLENI,bot
582102771,LOW,OLENI,bot
582883890,LOW,OLENI,bot
582898692,LOW,OLENI,bot
582904178,LOW,OLENI,bot
582907487,LOW,OLENI,bot
582908802,LOW,OLENI,bot
582924708,LOW,OLENI,bot
582929089,LOW,OLENI,bot
582945623,LOW,OLENI,bot
582946588,LOW,OLENI,bot
583048284,LOW,OLENI,bot
583074166,LOW,OLENI,bot
583078552,LOW,OLENI,bot
583101724,LOW,OLENI,bot
583135590,LOW,OLENI,bot
583139258,LOW,OLENI,bot
583142335,LOW,OLENI,bot
583144109,LOW,OLENI,bot
583173212,LOW,OLENI,bot
583175334,LOW,OLENI,bot
583177877,LOW,OLENI,bot
583178682,LOW,OLENI,bot
583203951,LOW,OLENI,bot
583213129,LOW,OLENI,bot
583215607,LOW,OLENI,bot
583217496,LOW,OLENI,bot
583225835,LOW,OLENI,bot
583230636,LOW,OLENI,bot
583299672,LOW,OLENI,bot
583300801,LOW,OLENI,bot
583324210,LOW,OLENI,bot
583332247,LOW,OLENI,bot
583350354,LOW,OLENI,bot
583368909,LOW,OLENI,bot
583368995,LOW,OLENI,bot
583369134,LOW,OLENI,bot
583375981,LOW,OLENI,bot
583398188,LOW,OLENI,bot
583405323,LOW,OLENI,bot
583408527,LOW,OLENI,bot
583411013,LOW,OLENI,bot
583428419,LOW,OLENI,bot
583430848,LOW,OLENI,bot
583441157,LOW,OLENI,bot
583441175,LOW,OLENI,bot
583560251,LOW,OLENI,bot
583562661,LOW,OLENI,bot
583562851,LOW,OLENI,bot
583621789,LOW,OLENI,bot
583644421,LOW,OLENI,bot
583715570,LOW,OLENI,bot
583716499,LOW,OLENI,bot
583734812,LOW,OLENI,bot
583735146,LOW,OLENI,bot
584032540,LOW,OLENI,bot
584074174,LOW,OLENI,bot
584171289,LOW,OLENI,bot
584301420,LOW,OLENI,bot
584311105,LOW,OLENI,bot
584429011,LOW,OLENI,bot
584589025,LOW,OLENI,bot
584695005,LOW,OLENI,bot
584746252,LOW,OLENI,bot
584756653,LOW,OLENI,bot
584810116,LOW,OLENI,bot
584979341,LOW,OLENI,bot
584982502,LOW,OLENI,bot
585018274,LOW,OLENI,bot
585028664,LOW,OLENI,bot
585134567,LOW,OLENI,bot
585351407,LOW,OLENI,bot
585363283,LOW,OLENI,bot
585574063,LOW,OLENI,bot
585826018,LOW,OLENI,bot
585836984,LOW,OLENI,bot
11993371,MID,OLENI,bot
33688873,MID,OLENI,bot
39195581,MID,OLENI,bot
53538523,MID,OLENI,bot
55561431,MID,OLENI,bot
58332937,MID,OLENI,bot
65502143,MID,OLENI,bot
119675686,MID,OLENI,bot
153506431,MID,OLENI,bot
164498072,MID,OLENI,bot
168658222,MID,OLENI,bot
189787384,MID,OLENI,bot
199720908,MID,OLENI,bot
214499941,MID,OLENI,bot
227171147,MID,OLENI,bot
230186255,MID,OLENI,bot
242408053,MID,OLENI,bot
246310503,MID,OLENI,bot
249659703,MID,OLENI,bot
289566338,MID,OLENI,bot
290506537,MID,OLENI,bot
292928299,MID,OLENI,bot
292938651,MID,OLENI,bot
298011110,MID,OLENI,bot
300781931,MID,OLENI,bot
304512231,MID,OLENI,bot
313779801,MID,OLENI,bot
337838607,MID,OLENI,bot
338489815,MID,OLENI,bot
340102416,MID,OLENI,bot
345743245,MID,OLENI,bot
349817483,MID,OLENI,bot
359942505,MID,OLENI,bot
361114538,MID,OLENI,bot
361705999,MID,OLENI,bot
366451396,MID,OLENI,bot
367980489,MID,OLENI,bot
369090783,MID,OLENI,bot
373578607,MID,OLENI,bot
375295916,MID,OLENI,bot
378038378,MID,OLENI,bot
379690204,MID,OLENI,bot
381700500,MID,OLENI,bot
383517645,MID,OLENI,bot
383997014,MID,OLENI,bot
384474292,MID,OLENI,bot
386196239,MID,OLENI,bot
386210226,MID,OLENI,bot
386353634,MID,OLENI,bot
386361305,MID,OLENI,bot
386576873,MID,OLENI,bot
386588335,MID,OLENI,bot
386602620,MID,OLENI,bot
395223743,MID,OLENI,bot
397999409,MID,OLENI,bot
398021830,MID,OLENI,bot
421573181,MID,OLENI,bot
424357879,MID,OLENI,bot
431696099,MID,OLENI,bot
438525567,MID,OLENI,bot
447252600,MID,OLENI,bot
450765972,MID,OLENI,bot
459246105,MID,OLENI,bot
459395662,MID,OLENI,bot
461503907,MID,OLENI,bot
463481219,MID,OLENI,bot
463482226,MID,OLENI,bot
464749599,MID,OLENI,bot
466782041,MID,OLENI,bot
469567545,MID,OLENI,bot
469685450,MID,OLENI,bot
470099307,MID,OLENI,bot
475512844,MID,OLENI,bot
482489222,MID,OLENI,bot
483918048,MID,OLENI,bot
485207705,MID,OLENI,bot
485763716,MID,OLENI,bot
487966332,MID,OLENI,bot
488029489,MID,OLENI,bot
491210217,MID,OLENI,bot
495345015,MID,OLENI,bot
497519702,MID,OLENI,bot
501666456,MID,OLENI,bot
506872567,MID,OLENI,bot
508991861,MID,OLENI,bot
511590638,MID,OLENI,bot
512908978,MID,OLENI,bot
517582045,MID,OLENI,bot
517728708,MID,OLENI,bot
517843104,MID,OLENI,bot
517945746,MID,OLENI,bot
517951977,MID,OLENI,bot
517963310,MID,OLENI,bot
518177572,MID,OLENI,bot
518336562,MID,OLENI,bot
519120517,MID,OLENI,bot
519383945,MID,OLENI,bot
519394214,MID,OLENI,bot
519396363,MID,OLENI,bot
520626522,MID,OLENI,bot
521782348,MID,OLENI,bot
524327791,MID,OLENI,bot
525909536,MID,OLENI,bot
526671634,MID,OLENI,bot
527392105,MID,OLENI,bot
529087649,MID,OLENI,bot
532412564,MID,OLENI,bot
534139967,MID,OLENI,bot
537928091,MID,OLENI,bot
538286980,MID,OLENI,bot
539766133,MID,OLENI,bot
539809359,MID,OLENI,bot
539997003,MID,OLENI,bot
539998404,MID,OLENI,bot
540683718,MID,OLENI,bot
540757193,MID,OLENI,bot
543134915,MID,OLENI,bot
543532865,MID,OLENI,bot
545372058,MID,OLENI,bot
546119102,MID,OLENI,bot
548018202,MID,OLENI,bot
549755834,MID,OLENI,bot
550217934,MID,OLENI,bot
551845933,MID,OLENI,bot
551941498,MID,OLENI,bot
551941784,MID,OLENI,bot
552337157,MID,OLENI,bot
552341801,MID,OLENI,bot
553165720,MID,OLENI,bot
555474346,MID,OLENI,bot
560950730,MID,OLENI,bot
561506070,MID,OLENI,bot
562781977,MID,OLENI,bot
565437176,MID,OLENI,bot
566645022,MID,OLENI,bot
567652059,MID,OLENI,bot
568558338,MID,OLENI,bot
570243225,MID,OLENI,bot
570583601,MID,OLENI,bot
571686853,MID,OLENI,bot
571931202,MID,OLENI,bot
571943440,MID,OLENI,bot
572361767,MID,OLENI,bot
572713112,MID,OLENI,bot
573146338,MID,OLENI,bot
573283146,MID,OLENI,bot
573641174,MID,OLENI,bot
574467202,MID,OLENI,bot
574560388,MID,OLENI,bot
575652414,MID,OLENI,bot
578193546,MID,OLENI,bot
578907942,MID,OLENI,bot
578953226,MID,OLENI,bot
579436950,MID,OLENI,bot
579741045,MID,OLENI,bot
579765248,MID,OLENI,bot
580213667,MID,OLENI,bot
580220178,MID,OLENI,bot
580357587,MID,OLENI,bot
580405707,MID,OLENI,bot
580588135,MID,OLENI,bot
580793213,MID,OLENI,bot
580946738,MID,OLENI,bot
580946922,MID,OLENI,bot
581901784,MID,OLENI,bot
582897587,MID,OLENI,bot
582941716,MID,OLENI,bot
582947585,MID,OLENI,bot
583044688,MID,OLENI,bot
583044954,MID,OLENI,bot
583074882,MID,OLENI,bot
583080786,MID,OLENI,bot
583081236,MID,OLENI,bot
583106451,MID,OLENI,bot
583107864,MID,OLENI,bot
583112677,MID,OLENI,bot
583205305,MID,OLENI,bot
583212667,MID,OLENI,bot
583213490,MID,OLENI,bot
583213523,MID,OLENI,bot
583219040,MID,OLENI,bot
583227439,MID,OLENI,bot
583227692,MID,OLENI,bot
583233803,MID,OLENI,bot
583233840,MID,OLENI,bot
583266133,MID,OLENI,bot
583330918,MID,OLENI,bot
583334096,MID,OLENI,bot
583349517,MID,OLENI,bot
583351451,MID,OLENI,bot
583369056,MID,OLENI,bot
583369447,MID,OLENI,bot
583391784,MID,OLENI,bot
583395300,MID,OLENI,bot
583405346,MID,OLENI,bot
583405601,MID,OLENI,bot
583406502,MID,OLENI,bot
583406599,MID,OLENI,bot
583406875,MID,OLENI,bot
583410902,MID,OLENI,bot
583416446,MID,OLENI,bot
583416472,MID,OLENI,bot
583416479,MID,OLENI,bot
583428435,MID,OLENI,bot
583428450,MID,OLENI,bot
583438497,MID,OLENI,bot
583441150,MID,OLENI,bot
583441171,MID,OLENI,bot
583627862,MID,OLENI,bot
583637379,MID,OLENI,bot
583637413,MID,OLENI,bot
583637455,MID,OLENI,bot
583729828,MID,OLENI,bot
583734298,MID,OLENI,bot
583735152,MID,OLENI,bot
583835352,MID,OLENI,bot
584046724,MID,OLENI,bot
584112854,MID,OLENI,bot
584122864,MID,OLENI,bot
584178104,MID,OLENI,bot
584298388,MID,OLENI,bot
584316925,MID,OLENI,bot
584317097,MID,OLENI,bot
584319803,MID,OLENI,bot
584323163,MID,OLENI,bot
584335605,MID,OLENI,bot
584347490,MID,OLENI,bot
584405469,MID,OLENI,bot
584406814,MID,OLENI,bot
584425329,MID,OLENI,bot
584534581,MID,OLENI,bot
584552006,MID,OLENI,bot
584621446,MID,OLENI,bot
584747366,MID,OLENI,bot
584768711,MID,OLENI,bot
585011129,MID,OLENI,bot
585020579,MID,OLENI,bot
585023119,MID,OLENI,bot
585357792,MID,OLENI,bot
585362885,MID,OLENI,bot
585798331,MID,OLENI,bot
585822263,MID,OLENI,bot
585823308,MID,OLENI,bot
585823309,MID,OLENI,bot
585824333,MID,OLENI,bot
585825036,MID,OLENI,bot
585826123,MID,OLENI,bot
585830941,MID,OLENI,bot
585831124,MID,OLENI,bot
585832346,MID,OLENI,bot
585834681,MID,OLENI,bot
585834779,MID,OLENI,bot
585835742,MID,OLENI,bot
585837251,MID,OLENI,bot
165876740,MID,OLENI,bot
214083816,MID,OLENI,bot
227772971,MID,OLENI,bot
286460322,MID,OLENI,bot
385851153,MID,OLENI,bot
386678237,MID,OLENI,bot
414840497,MID,OLENI,bot
451098778,MID,OLENI,bot
452892307,MID,OLENI,bot
475636279,MID,OLENI,bot
478643859,MID,OLENI,bot
484244998,MID,OLENI,bot
485404396,MID,OLENI,bot
490733006,MID,OLENI,bot
515765866,MID,OLENI,bot
518865676,MID,OLENI,bot
519675097,MID,OLENI,bot
522368242,MID,OLENI,bot
553349827,MID,OLENI,bot
553890485,MID,OLENI,bot
555913250,MID,OLENI,bot
563795384,MID,OLENI,bot
564517426,MID,OLENI,bot
573645479,MID,OLENI,bot
580904372,MID,OLENI,bot
582945623,MID,OLENI,bot
583178682,MID,OLENI,bot
583213129,MID,OLENI,bot
583225835,MID,OLENI,bot
583369134,MID,OLENI,bot
583398188,MID,OLENI,bot
583430848,MID,OLENI,bot
583441175,MID,OLENI,bot
583560251,MID,OLENI,bot
584032540,MID,OLENI,bot
584171289,MID,OLENI,bot
584301420,MID,OLENI,bot
584311105,MID,OLENI,bot
584429011,MID,OLENI,bot
584589025,MID,OLENI,bot
584695005,MID,OLENI,bot
584746252,MID,OLENI,bot
584756653,MID,OLENI,bot
584979341,MID,OLENI,bot
585018274,MID,OLENI,bot
585028664,MID,OLENI,bot
585826018,MID,OLENI,bot
1917023,LOW,MARSHRUTKA,bot
4713348,LOW,MARSHRUTKA,bot
9601536,LOW,MARSHRUTKA,bot
14111387,LOW,MARSHRUTKA,bot
14592913,LOW,MARSHRUTKA,bot
16115052,LOW,MARSHRUTKA,bot
26432847,LOW,MARSHRUTKA,bot
48751320,LOW,MARSHRUTKA,bot
54775343,LOW,MARSHRUTKA,bot
55333238,LOW,MARSHRUTKA,bot
56717374,LOW,MARSHRUTKA,bot
69921528,LOW,MARSHRUTKA,bot
74750546,LOW,MARSHRUTKA,bot
81191401,LOW,MARSHRUTKA,bot
90796982,LOW,MARSHRUTKA,bot
103821338,LOW,MARSHRUTKA,bot
108004556,LOW,MARSHRUTKA,bot
118936301,LOW,MARSHRUTKA,bot
135983041,LOW,MARSHRUTKA,bot
137637596,LOW,MARSHRUTKA,bot
140085070,LOW,MARSHRUTKA,bot
143734109,LOW,MARSHRUTKA,bot
150375238,LOW,MARSHRUTKA,bot
150471520,LOW,MARSHRUTKA,bot
153247537,LOW,MARSHRUTKA,bot
177466070,LOW,MARSHRUTKA,bot
179975232,LOW,MARSHRUTKA,bot
180502456,LOW,MARSHRUTKA,bot
182453395,LOW,MARSHRUTKA,bot
182783468,LOW,MARSHRUTKA,bot
186832821,LOW,MARSHRUTKA,bot
188634785,LOW,MARSHRUTKA,bot
198818742,LOW,MARSHRUTKA,bot
200426862,LOW,MARSHRUTKA,bot
209783329,LOW,MARSHRUTKA,bot
223215953,LOW,MARSHRUTKA,bot
224550175,LOW,MARSHRUTKA,bot
230369965,LOW,MARSHRUTKA,bot
231243809,LOW,MARSHRUTKA,bot
235798652,LOW,MARSHRUTKA,bot
242165869,LOW,MARSHRUTKA,bot
253207057,LOW,MARSHRUTKA,bot
273606475,LOW,MARSHRUTKA,bot
274007626,LOW,MARSHRUTKA,bot
282944292,LOW,MARSHRUTKA,bot
284830820,LOW,MARSHRUTKA,bot
287274296,LOW,MARSHRUTKA,bot
289747081,LOW,MARSHRUTKA,bot
312300933,LOW,MARSHRUTKA,bot
320489831,LOW,MARSHRUTKA,bot
326422403,LOW,MARSHRUTKA,bot
326738306,LOW,MARSHRUTKA,bot
328437258,LOW,MARSHRUTKA,bot
331908975,LOW,MARSHRUTKA,bot
334850245,LOW,MARSHRUTKA,bot
342064105,LOW,MARSHRUTKA,bot
342689693,LOW,MARSHRUTKA,bot
342823531,LOW,MARSHRUTKA,bot
348139979,LOW,MARSHRUTKA,bot
352763587,LOW,MARSHRUTKA,bot
359814772,LOW,MARSHRUTKA,bot
369076862,LOW,MARSHRUTKA,bot
373820228,LOW,MARSHRUTKA,bot
379111416,LOW,MARSHRUTKA,bot
380817262,LOW,MARSHRUTKA,bot
385804182,LOW,MARSHRUTKA,bot
387098499,LOW,MARSHRUTKA,bot
400645005,LOW,MARSHRUTKA,bot
404515539,LOW,MARSHRUTKA,bot
409206515,LOW,MARSHRUTKA,bot
415041109,LOW,MARSHRUTKA,bot
420779198,LOW,MARSHRUTKA,bot
428578433,LOW,MARSHRUTKA,bot
438280478,LOW,MARSHRUTKA,bot
439099693,LOW,MARSHRUTKA,bot
439451043,LOW,MARSHRUTKA,bot
442195257,LOW,MARSHRUTKA,bot
443189785,LOW,MARSHRUTKA,bot
449765160,LOW,MARSHRUTKA,bot
458238912,LOW,MARSHRUTKA,bot
459880410,LOW,MARSHRUTKA,bot
477264220,LOW,MARSHRUTKA,bot
496763471,LOW,MARSHRUTKA,bot
497396365,LOW,MARSHRUTKA,bot
500299835,LOW,MARSHRUTKA,bot
501586481,LOW,MARSHRUTKA,bot
502278556,LOW,MARSHRUTKA,bot
505294182,LOW,MARSHRUTKA,bot
505591950,LOW,MARSHRUTKA,bot
509659622,LOW,MARSHRUTKA,bot
510696554,LOW,MARSHRUTKA,bot
512280183,LOW,MARSHRUTKA,bot
514311165,LOW,MARSHRUTKA,bot
514569696,LOW,MARSHRUTKA,bot
516969543,LOW,MARSHRUTKA,bot
516970055,LOW,MARSHRUTKA,bot
517000478,LOW,MARSHRUTKA,bot
517001419,LOW,MARSHRUTKA,bot
520063493,LOW,MARSHRUTKA,bot
522949703,LOW,MARSHRUTKA,bot
534272053,LOW,MARSHRUTKA,bot
535074308,LOW,MARSHRUTKA,bot
537684287,LOW,MARSHRUTKA,bot
543054533,LOW,MARSHRUTKA,bot
545814693,LOW,MARSHRUTKA,bot
546224451,LOW,MARSHRUTKA,bot
546696710,LOW,MARSHRUTKA,bot
546784308,LOW,MARSHRUTKA,bot
549154244,LOW,MARSHRUTKA,bot
550705553,LOW,MARSHRUTKA,bot
552609636,LOW,MARSHRUTKA,bot
557848026,LOW,MARSHRUTKA,bot
557851664,LOW,MARSHRUTKA,bot
558768939,LOW,MARSHRUTKA,bot
559305187,LOW,MARSHRUTKA,bot
560033703,LOW,MARSHRUTKA,bot
560200748,LOW,MARSHRUTKA,bot
563453650,LOW,MARSHRUTKA,bot
564122158,LOW,MARSHRUTKA,bot
564130348,LOW,MARSHRUTKA,bot
565464634,LOW,MARSHRUTKA,bot
566032736,LOW,MARSHRUTKA,bot
566300858,LOW,MARSHRUTKA,bot
567290389,LOW,MARSHRUTKA,bot
568179057,LOW,MARSHRUTKA,bot
570159365,LOW,MARSHRUTKA,bot
570479639,LOW,MARSHRUTKA,bot
571169643,LOW,MARSHRUTKA,bot
572374548,LOW,MARSHRUTKA,bot
572422201,LOW,MARSHRUTKA,bot
572561158,LOW,MARSHRUTKA,bot
573785724,LOW,MARSHRUTKA,bot
574546011,LOW,MARSHRUTKA,bot
574554716,LOW,MARSHRUTKA,bot
574857743,LOW,MARSHRUTKA,bot
575204516,LOW,MARSHRUTKA,bot
575214080,LOW,MARSHRUTKA,bot
575325289,LOW,MARSHRUTKA,bot
575941960,LOW,MARSHRUTKA,bot
576075265,LOW,MARSHRUTKA,bot
576324096,LOW,MARSHRUTKA,bot
576695659,LOW,MARSHRUTKA,bot
577784058,LOW,MARSHRUTKA,bot
578032599,LOW,MARSHRUTKA,bot
578660191,LOW,MARSHRUTKA,bot
578839527,LOW,MARSHRUTKA,bot
579009797,LOW,MARSHRUTKA,bot
579220030,LOW,MARSHRUTKA,bot
579586591,LOW,MARSHRUTKA,bot
580265300,LOW,MARSHRUTKA,bot
580467739,LOW,MARSHRUTKA,bot
580545790,LOW,MARSHRUTKA,bot
580562500,LOW,MARSHRUTKA,bot
581477599,LOW,MARSHRUTKA,bot
581804168,LOW,MARSHRUTKA,bot
581948739,LOW,MARSHRUTKA,bot
582140888,LOW,MARSHRUTKA,bot
582191666,LOW,MARSHRUTKA,bot
582340347,LOW,MARSHRUTKA,bot
582343462,LOW,MARSHRUTKA,bot
582380511,LOW,MARSHRUTKA,bot
582679956,LOW,MARSHRUTKA,bot
582708759,LOW,MARSHRUTKA,bot
582710513,LOW,MARSHRUTKA,bot
582738644,LOW,MARSHRUTKA,bot
582780043,LOW,MARSHRUTKA,bot
582912914,LOW,MARSHRUTKA,bot
582919493,LOW,MARSHRUTKA,bot
582929033,LOW,MARSHRUTKA,bot
583048438,LOW,MARSHRUTKA,bot
583119590,LOW,MARSHRUTKA,bot
583229630,LOW,MARSHRUTKA,bot
583328890,LOW,MARSHRUTKA,bot
583385754,LOW,MARSHRUTKA,bot
583389336,LOW,MARSHRUTKA,bot
583435505,LOW,MARSHRUTKA,bot
583583237,LOW,MARSHRUTKA,bot
583693996,LOW,MARSHRUTKA,bot
583853646,LOW,MARSHRUTKA,bot
583857935,LOW,MARSHRUTKA,bot
583866533,LOW,MARSHRUTKA,bot
583892254,LOW,MARSHRUTKA,bot
583936097,LOW,MARSHRUTKA,bot
583961207,LOW,MARSHRUTKA,bot
583999114,LOW,MARSHRUTKA,bot
584097799,LOW,MARSHRUTKA,bot
584108830,LOW,MARSHRUTKA,bot
584157660,LOW,MARSHRUTKA,bot
584252392,LOW,MARSHRUTKA,bot
584265599,LOW,MARSHRUTKA,bot
584272150,LOW,MARSHRUTKA,bot
584322287,LOW,MARSHRUTKA,bot
584352301,LOW,MARSHRUTKA,bot
584397323,LOW,MARSHRUTKA,bot
584472341,LOW,MARSHRUTKA,bot
584476366,LOW,MARSHRUTKA,bot
584480029,LOW,MARSHRUTKA,bot
584531101,LOW,MARSHRUTKA,bot
584533070,LOW,MARSHRUTKA,bot
584536045,LOW,MARSHRUTKA,bot
584657085,LOW,MARSHRUTKA,bot
584677891,LOW,MARSHRUTKA,bot
584712628,LOW,MARSHRUTKA,bot
584744363,LOW,MARSHRUTKA,bot
584887596,LOW,MARSHRUTKA,bot
584954723,LOW,MARSHRUTKA,bot
584987451,LOW,MARSHRUTKA,bot
584993638,LOW,MARSHRUTKA,bot
585004301,LOW,MARSHRUTKA,bot
585036394,LOW,MARSHRUTKA,bot
585049213,LOW,MARSHRUTKA,bot
585068774,LOW,MARSHRUTKA,bot
585090300,LOW,MARSHRUTKA,bot
585164739,LOW,MARSHRUTKA,bot
585182930,LOW,MARSHRUTKA,bot
585192252,LOW,MARSHRUTKA,bot
585196322,LOW,MARSHRUTKA,bot
585222951,LOW,MARSHRUTKA,bot
585259549,LOW,MARSHRUTKA,bot
585301787,LOW,MARSHRUTKA,bot
585323562,LOW,MARSHRUTKA,bot
585328506,LOW,MARSHRUTKA,bot
585374757,LOW,MARSHRUTKA,bot
585386016,LOW,MARSHRUTKA,bot
585398823,LOW,MARSHRUTKA,bot
585442101,LOW,MARSHRUTKA,bot
585451040,LOW,MARSHRUTKA,bot
585458171,LOW,MARSHRUTKA,bot
585466917,LOW,MARSHRUTKA,bot
585481576,LOW,MARSHRUTKA,bot
585546834,LOW,MARSHRUTKA,bot
585548777,LOW,MARSHRUTKA,bot
585551975,LOW,MARSHRUTKA,bot
585561169,LOW,MARSHRUTKA,bot
585592239,LOW,MARSHRUTKA,bot
585620817,LOW,MARSHRUTKA,bot
585622486,LOW,MARSHRUTKA,bot
585630240,LOW,MARSHRUTKA,bot
585638893,LOW,MARSHRUTKA,bot
585638945,LOW,MARSHRUTKA,bot
585639673,LOW,MARSHRUTKA,bot
585644453,LOW,MARSHRUTKA,bot
585644613,LOW,MARSHRUTKA,bot
585649350,LOW,MARSHRUTKA,bot
585649923,LOW,MARSHRUTKA,bot
585650635,LOW,MARSHRUTKA,bot
585658931,LOW,MARSHRUTKA,bot
585662355,LOW,MARSHRUTKA,bot
585664149,LOW,MARSHRUTKA,bot
585667656,LOW,MARSHRUTKA,bot
585674488,LOW,MARSHRUTKA,bot
585685311,LOW,MARSHRUTKA,bot
585687880,LOW,MARSHRUTKA,bot
585688082,LOW,MARSHRUTKA,bot
585693499,LOW,MARSHRUTKA,bot
585697549,LOW,MARSHRUTKA,bot
585697601,LOW,MARSHRUTKA,bot
585699696,LOW,MARSHRUTKA,bot
585705303,LOW,MARSHRUTKA,bot
585713922,LOW,MARSHRUTKA,bot
585715594,LOW,MARSHRUTKA,bot
585716204,LOW,MARSHRUTKA,bot
585725493,LOW,MARSHRUTKA,bot
585727343,LOW,MARSHRUTKA,bot
585728949,LOW,MARSHRUTKA,bot
585730050,LOW,MARSHRUTKA,bot
585730129,LOW,MARSHRUTKA,bot
585730386,LOW,MARSHRUTKA,bot
585731177,LOW,MARSHRUTKA,bot
585731203,LOW,MARSHRUTKA,bot
585731767,LOW,MARSHRUTKA,bot
585733918,LOW,MARSHRUTKA,bot
585736852,LOW,MARSHRUTKA,bot
585736870,LOW,MARSHRUTKA,bot
585737804,LOW,MARSHRUTKA,bot
585738792,LOW,MARSHRUTKA,bot
585739303,LOW,MARSHRUTKA,bot
585740668,LOW,MARSHRUTKA,bot
585740728,LOW,MARSHRUTKA,bot
585741109,LOW,MARSHRUTKA,bot
585743658,LOW,MARSHRUTKA,bot
585744992,LOW,MARSHRUTKA,bot
585745737,LOW,MARSHRUTKA,bot
585745969,LOW,MARSHRUTKA,bot
585746245,LOW,MARSHRUTKA,bot
585752901,LOW,MARSHRUTKA,bot
585756121,LOW,MARSHRUTKA,bot
585757309,LOW,MARSHRUTKA,bot
585758981,LOW,MARSHRUTKA,bot
585765267,LOW,MARSHRUTKA,bot
585765943,LOW,MARSHRUTKA,bot
585771721,LOW,MARSHRUTKA,bot
585773800,LOW,MARSHRUTKA,bot
585777437,LOW,MARSHRUTKA,bot
585778450,LOW,MARSHRUTKA,bot
585781040,LOW,MARSHRUTKA,bot
585781526,LOW,MARSHRUTKA,bot
585784361,LOW,MARSHRUTKA,bot
585784651,LOW,MARSHRUTKA,bot
585789126,LOW,MARSHRUTKA,bot
585792089,LOW,MARSHRUTKA,bot
585793901,LOW,MARSHRUTKA,bot
1483764,LOW,PARIK,bot
23931618,LOW,PARIK,bot
68588456,LOW,PARIK,bot
92678392,LOW,PARIK,bot
93440968,LOW,PARIK,bot
136324234,LOW,PARIK,bot
137658304,LOW,PARIK,bot
145805492,LOW,PARIK,bot
146504901,LOW,PARIK,bot
154413246,LOW,PARIK,bot
158298306,LOW,PARIK,bot
177990819,LOW,PARIK,bot
184071028,LOW,PARIK,bot
186507876,LOW,PARIK,bot
187375264,LOW,PARIK,bot
190946476,LOW,PARIK,bot
200792854,LOW,PARIK,bot
222446283,LOW,PARIK,bot
223039914,LOW,PARIK,bot
229773872,LOW,PARIK,bot
231217803,LOW,PARIK,bot
234570153,LOW,PARIK,bot
234703847,LOW,PARIK,bot
235027896,LOW,PARIK,bot
239974455,LOW,PARIK,bot
241799822,LOW,PARIK,bot
247219719,LOW,PARIK,bot
247579470,LOW,PARIK,bot
258759154,LOW,PARIK,bot
264796060,LOW,PARIK,bot
265127165,LOW,PARIK,bot
276544250,LOW,PARIK,bot
277802194,LOW,PARIK,bot
278509609,LOW,PARIK,bot
278605966,LOW,PARIK,bot
286026136,LOW,PARIK,bot
289642788,LOW,PARIK,bot
292397620,LOW,PARIK,bot
294202590,LOW,PARIK,bot
299100148,LOW,PARIK,bot
299387666,LOW,PARIK,bot
300333627,LOW,PARIK,bot
303477326,LOW,PARIK,bot
308749169,LOW,PARIK,bot
314291590,LOW,PARIK,bot
315463319,LOW,PARIK,bot
328209450,LOW,PARIK,bot
335285617,LOW,PARIK,bot
336792541,LOW,PARIK,bot
339989124,LOW,PARIK,bot
352627034,LOW,PARIK,bot
352720409,LOW,PARIK,bot
354328729,LOW,PARIK,bot
355303752,LOW,PARIK,bot
360324680,LOW,PARIK,bot
360868714,LOW,PARIK,bot
365990968,LOW,PARIK,bot
369037890,LOW,PARIK,bot
370601078,LOW,PARIK,bot
373064490,LOW,PARIK,bot
377102903,LOW,PARIK,bot
378515539,LOW,PARIK,bot
385459292,LOW,PARIK,bot
389592348,LOW,PARIK,bot
396876487,LOW,PARIK,bot
398059522,LOW,PARIK,bot
402491367,LOW,PARIK,bot
407905209,LOW,PARIK,bot
408911563,LOW,PARIK,bot
420209758,LOW,PARIK,bot
421730139,LOW,PARIK,bot
424613438,LOW,PARIK,bot
426038494,LOW,PARIK,bot
429279881,LOW,PARIK,bot
429596373,LOW,PARIK,bot
430678592,LOW,PARIK,bot
432404703,LOW,PARIK,bot
434726529,LOW,PARIK,bot
441041768,LOW,PARIK,bot
444407993,LOW,PARIK,bot
444578588,LOW,PARIK,bot
447332409,LOW,PARIK,bot
450915676,LOW,PARIK,bot
454420269,LOW,PARIK,bot
456506555,LOW,PARIK,bot
456857245,LOW,PARIK,bot
457977670,LOW,PARIK,bot
460733347,LOW,PARIK,bot
461737702,LOW,PARIK,bot
462234082,LOW,PARIK,bot
466898208,LOW,PARIK,bot
469409620,LOW,PARIK,bot
469837814,LOW,PARIK,bot
470114992,LOW,PARIK,bot
470613438,LOW,PARIK,bot
474827608,LOW,PARIK,bot
475651543,LOW,PARIK,bot
476443138,LOW,PARIK,bot
480090504,LOW,PARIK,bot
482423754,LOW,PARIK,bot
485183869,LOW,PARIK,bot
486168001,LOW,PARIK,bot
486716922,LOW,PARIK,bot
487203695,LOW,PARIK,bot
487606207,LOW,PARIK,bot
487893416,LOW,PARIK,bot
489355458,LOW,PARIK,bot
490205433,LOW,PARIK,bot
491469460,LOW,PARIK,bot
492334875,LOW,PARIK,bot
492369175,LOW,PARIK,bot
492428972,LOW,PARIK,bot
495484426,LOW,PARIK,bot
495712046,LOW,PARIK,bot
497893545,LOW,PARIK,bot
498877918,LOW,PARIK,bot
507766484,LOW,PARIK,bot
510880640,LOW,PARIK,bot
511289377,LOW,PARIK,bot
511427107,LOW,PARIK,bot
511625118,LOW,PARIK,bot
512376457,LOW,PARIK,bot
512745722,LOW,PARIK,bot
513646219,LOW,PARIK,bot
514867397,LOW,PARIK,bot
516064657,LOW,PARIK,bot
516820184,LOW,PARIK,bot
517630373,LOW,PARIK,bot
518655134,LOW,PARIK,bot
519042293,LOW,PARIK,bot
519659388,LOW,PARIK,bot
520966475,LOW,PARIK,bot
522032457,LOW,PARIK,bot
522067824,LOW,PARIK,bot
522273350,LOW,PARIK,bot
525709852,LOW,PARIK,bot
528454332,LOW,PARIK,bot
530171302,LOW,PARIK,bot
530747572,LOW,PARIK,bot
535633263,LOW,PARIK,bot
538412581,LOW,PARIK,bot
539981470,LOW,PARIK,bot
541018030,LOW,PARIK,bot
541777065,LOW,PARIK,bot
542401564,LOW,PARIK,bot
543347763,LOW,PARIK,bot
543835248,LOW,PARIK,bot
543965822,LOW,PARIK,bot
545862483,LOW,PARIK,bot
545973295,LOW,PARIK,bot
546759798,LOW,PARIK,bot
548385839,LOW,PARIK,bot
548397464,LOW,PARIK,bot
549721389,LOW,PARIK,bot
550842456,LOW,PARIK,bot
552483636,LOW,PARIK,bot
552894403,LOW,PARIK,bot
554667652,LOW,PARIK,bot
555902706,LOW,PARIK,bot
557417240,LOW,PARIK,bot
557838950,LOW,PARIK,bot
558402970,LOW,PARIK,bot
558636554,LOW,PARIK,bot
560048779,LOW,PARIK,bot
560629338,LOW,PARIK,bot
562092557,LOW,PARIK,bot
562495934,LOW,PARIK,bot
563397281,LOW,PARIK,bot
563472566,LOW,PARIK,bot
563595514,LOW,PARIK,bot
563772591,LOW,PARIK,bot
563852010,LOW,PARIK,bot
564159154,LOW,PARIK,bot
564899795,LOW,PARIK,bot
565015273,LOW,PARIK,bot
565900104,LOW,PARIK,bot
566939310,LOW,PARIK,bot
566941441,LOW,PARIK,bot
567516812,LOW,PARIK,bot
567541172,LOW,PARIK,bot
567833624,LOW,PARIK,bot
568021412,LOW,PARIK,bot
568214145,LOW,PARIK,bot
568565496,LOW,PARIK,bot
569175325,LOW,PARIK,bot
569370678,LOW,PARIK,bot
569601575,LOW,PARIK,bot
569654393,LOW,PARIK,bot
569735383,LOW,PARIK,bot
570552080,LOW,PARIK,bot
570930002,LOW,PARIK,bot
570998809,LOW,PARIK,bot
571112751,LOW,PARIK,bot
571346279,LOW,PARIK,bot
571403214,LOW,PARIK,bot
571765014,LOW,PARIK,bot
571806209,LOW,PARIK,bot
571884673,LOW,PARIK,bot
572387902,LOW,PARIK,bot
573316963,LOW,PARIK,bot
573349080,LOW,PARIK,bot
573710836,LOW,PARIK,bot
574002843,LOW,PARIK,bot
574076644,LOW,PARIK,bot
574702328,LOW,PARIK,bot
574731679,LOW,PARIK,bot
574773666,LOW,PARIK,bot
574787252,LOW,PARIK,bot
574868798,LOW,PARIK,bot
574868829,LOW,PARIK,bot
575382521,LOW,PARIK,bot
575628715,LOW,PARIK,bot
575791635,LOW,PARIK,bot
576076942,LOW,PARIK,bot
576377240,LOW,PARIK,bot
577295286,LOW,PARIK,bot
577364632,LOW,PARIK,bot
577385963,LOW,PARIK,bot
577399821,LOW,PARIK,bot
577695466,LOW,PARIK,bot
577740304,LOW,PARIK,bot
577858954,LOW,PARIK,bot
577906600,LOW,PARIK,bot
577916227,LOW,PARIK,bot
577918572,LOW,PARIK,bot
578435385,LOW,PARIK,bot
578591256,LOW,PARIK,bot
578659234,LOW,PARIK,bot
579038905,LOW,PARIK,bot
579096494,LOW,PARIK,bot
579275931,LOW,PARIK,bot
579344148,LOW,PARIK,bot
579710907,LOW,PARIK,bot
580220942,LOW,PARIK,bot
581248609,LOW,PARIK,bot
581451286,LOW,PARIK,bot
581764982,LOW,PARIK,bot
581921367,LOW,PARIK,bot
581986950,LOW,PARIK,bot
582113387,LOW,PARIK,bot
582118807,LOW,PARIK,bot
582174032,LOW,PARIK,bot
582351166,LOW,PARIK,bot
582455700,LOW,PARIK,bot
582590600,LOW,PARIK,bot
582736995,LOW,PARIK,bot
582754633,LOW,PARIK,bot
582789441,LOW,PARIK,bot
582889280,LOW,PARIK,bot
582922894,LOW,PARIK,bot
582940854,LOW,PARIK,bot
583024237,LOW,PARIK,bot
583032835,LOW,PARIK,bot
583085705,LOW,PARIK,bot
583092021,LOW,PARIK,bot
583100286,LOW,PARIK,bot
583259396,LOW,PARIK,bot
583266762,LOW,PARIK,bot
583320658,LOW,PARIK,bot
583433053,LOW,PARIK,bot
583453852,LOW,PARIK,bot
583506664,LOW,PARIK,bot
583574600,LOW,PARIK,bot
583637964,LOW,PARIK,bot
583661351,LOW,PARIK,bot
583885247,LOW,PARIK,bot
583941680,LOW,PARIK,bot
583951785,LOW,PARIK,bot
584005418,LOW,PARIK,bot
584026037,LOW,PARIK,bot
584105895,LOW,PARIK,bot
584216241,LOW,PARIK,bot
584379791,LOW,PARIK,bot
584487418,LOW,PARIK,bot
584613133,LOW,PARIK,bot
584643928,LOW,PARIK,bot
584706568,LOW,PARIK,bot
584754110,LOW,PARIK,bot
584814160,LOW,PARIK,bot
584876168,LOW,PARIK,bot
584995595,LOW,PARIK,bot
585040246,LOW,PARIK,bot
585079376,LOW,PARIK,bot
585085762,LOW,PARIK,bot
585270768,LOW,PARIK,bot
585342235,LOW,PARIK,bot
585358159,LOW,PARIK,bot
585386876,LOW,PARIK,bot
585480883,LOW,PARIK,bot
585495800,LOW,PARIK,bot
585510942,LOW,PARIK,bot
585523895,LOW,PARIK,bot
585527627,LOW,PARIK,bot
585576824,LOW,PARIK,bot
585612769,LOW,PARIK,bot
26144482,MID,PARIK,bot
58739754,MID,PARIK,bot
153409422,MID,PARIK,bot
182432190,MID,PARIK,bot
185438938,MID,PARIK,bot
189258446,MID,PARIK,bot
202013449,MID,PARIK,bot
202670848,MID,PARIK,bot
207784050,MID,PARIK,bot
208703914,MID,PARIK,bot
213645552,MID,PARIK,bot
216906129,MID,PARIK,bot
223727585,MID,PARIK,bot
224883279,MID,PARIK,bot
235014889,MID,PARIK,bot
245559720,MID,PARIK,bot
245574386,MID,PARIK,bot
249226700,MID,PARIK,bot
259566612,MID,PARIK,bot
261131342,MID,PARIK,bot
263893440,MID,PARIK,bot
267770904,MID,PARIK,bot
268881335,MID,PARIK,bot
269446143,MID,PARIK,bot
270807868,MID,PARIK,bot
272655492,MID,PARIK,bot
279038949,MID,PARIK,bot
292366539,MID,PARIK,bot
296093767,MID,PARIK,bot
301897813,MID,PARIK,bot
308312290,MID,PARIK,bot
313711926,MID,PARIK,bot
324964177,MID,PARIK,bot
328929497,MID,PARIK,bot
335160430,MID,PARIK,bot
336017103,MID,PARIK,bot
348987008,MID,PARIK,bot
349873945,MID,PARIK,bot
351195511,MID,PARIK,bot
355871064,MID,PARIK,bot
362605987,MID,PARIK,bot
363132911,MID,PARIK,bot
369325570,MID,PARIK,bot
370520922,MID,PARIK,bot
374363465,MID,PARIK,bot
379414290,MID,PARIK,bot
380513362,MID,PARIK,bot
380691673,MID,PARIK,bot
384111122,MID,PARIK,bot
397175878,MID,PARIK,bot
398182688,MID,PARIK,bot
399811615,MID,PARIK,bot
403364300,MID,PARIK,bot
406998860,MID,PARIK,bot
407902627,MID,PARIK,bot
415280113,MID,PARIK,bot
422729798,MID,PARIK,bot
428874255,MID,PARIK,bot
434192415,MID,PARIK,bot
434819420,MID,PARIK,bot
438346382,MID,PARIK,bot
439167314,MID,PARIK,bot
440525473,MID,PARIK,bot
442567961,MID,PARIK,bot
444937143,MID,PARIK,bot
445106458,MID,PARIK,bot
454015832,MID,PARIK,bot
455105457,MID,PARIK,bot
460090476,MID,PARIK,bot
460386705,MID,PARIK,bot
461210592,MID,PARIK,bot
462248130,MID,PARIK,bot
462336619,MID,PARIK,bot
462350695,MID,PARIK,bot
467904381,MID,PARIK,bot
469858682,MID,PARIK,bot
476098196,MID,PARIK,bot
476356520,MID,PARIK,bot
481944510,MID,PARIK,bot
482038250,MID,PARIK,bot
492328290,MID,PARIK,bot
492589265,MID,PARIK,bot
493445267,MID,PARIK,bot
495342984,MID,PARIK,bot
498665051,MID,PARIK,bot
500200177,MID,PARIK,bot
503799590,MID,PARIK,bot
512292046,MID,PARIK,bot
512976404,MID,PARIK,bot
513162848,MID,PARIK,bot
513941273,MID,PARIK,bot
514301574,MID,PARIK,bot
515157293,MID,PARIK,bot
518775220,MID,PARIK,bot
519506676,MID,PARIK,bot
523200398,MID,PARIK,bot
523782176,MID,PARIK,bot
524981754,MID,PARIK,bot
527292291,MID,PARIK,bot
528689064,MID,PARIK,bot
529763362,MID,PARIK,bot
530821823,MID,PARIK,bot
537533671,MID,PARIK,bot
538571818,MID,PARIK,bot
541006086,MID,PARIK,bot
541152389,MID,PARIK,bot
541392931,MID,PARIK,bot
542930166,MID,PARIK,bot
543018831,MID,PARIK,bot
544305785,MID,PARIK,bot
545464902,MID,PARIK,bot
549719081,MID,PARIK,bot
550876187,MID,PARIK,bot
551022775,MID,PARIK,bot
553690168,MID,PARIK,bot
555926401,MID,PARIK,bot
556362004,MID,PARIK,bot
556589501,MID,PARIK,bot
557868628,MID,PARIK,bot
558203777,MID,PARIK,bot
559170714,MID,PARIK,bot
559498136,MID,PARIK,bot
560053992,MID,PARIK,bot
560190292,MID,PARIK,bot
560504580,MID,PARIK,bot
561994431,MID,PARIK,bot
562006111,MID,PARIK,bot
563201420,MID,PARIK,bot
563947967,MID,PARIK,bot
564189923,MID,PARIK,bot
565448614,MID,PARIK,bot
567131110,MID,PARIK,bot
567967544,MID,PARIK,bot
567980219,MID,PARIK,bot
568246222,MID,PARIK,bot
571547849,MID,PARIK,bot
571609688,MID,PARIK,bot
571975006,MID,PARIK,bot
572999377,MID,PARIK,bot
573435642,MID,PARIK,bot
573501671,MID,PARIK,bot
573523197,MID,PARIK,bot
573631970,MID,PARIK,bot
574025071,MID,PARIK,bot
574080037,MID,PARIK,bot
574748811,MID,PARIK,bot
575876686,MID,PARIK,bot
576319073,MID,PARIK,bot
576814666,MID,PARIK,bot
577575054,MID,PARIK,bot
578767849,MID,PARIK,bot
579719874,MID,PARIK,bot
579764070,MID,PARIK,bot
579803574,MID,PARIK,bot
579863991,MID,PARIK,bot
580224221,MID,PARIK,bot
580824679,MID,PARIK,bot
581277151,MID,PARIK,bot
581571311,MID,PARIK,bot
581599677,MID,PARIK,bot
581854514,MID,PARIK,bot
582030616,MID,PARIK,bot
582521223,MID,PARIK,bot
582916841,MID,PARIK,bot
583058466,MID,PARIK,bot
583272379,MID,PARIK,bot
583294076,MID,PARIK,bot
583463157,MID,PARIK,bot
583544690,MID,PARIK,bot
583652395,MID,PARIK,bot
583828963,MID,PARIK,bot
583907970,MID,PARIK,bot
583936844,MID,PARIK,bot
584030553,MID,PARIK,bot
584157809,MID,PARIK,bot
584166778,MID,PARIK,bot
584214713,MID,PARIK,bot
584242808,MID,PARIK,bot
584255448,MID,PARIK,bot
584430675,MID,PARIK,bot
584447374,MID,PARIK,bot
584465277,MID,PARIK,bot
584590762,MID,PARIK,bot
584729854,MID,PARIK,bot
584762134,MID,PARIK,bot
584926255,MID,PARIK,bot
584962222,MID,PARIK,bot
584990336,MID,PARIK,bot
585007034,MID,PARIK,bot
585039735,MID,PARIK,bot
585043948,MID,PARIK,bot
585067954,MID,PARIK,bot
585268322,MID,PARIK,bot
585274209,MID,PARIK,bot
585276905,MID,PARIK,bot
585370175,MID,PARIK,bot
585390005,MID,PARIK,bot
585416898,MID,PARIK,bot
585426500,MID,PARIK,bot
585475810,MID,PARIK,bot
585480706,MID,PARIK,bot
585505546,MID,PARIK,bot
585518611,MID,PARIK,bot
585695159,MID,PARIK,bot
585716584,MID,PARIK,bot
585726405,MID,PARIK,bot
585763438,MID,PARIK,bot
585769572,MID,PARIK,bot
585817663,MID,PARIK,bot
585824232,MID,PARIK,bot
585840408,MID,PARIK,bot
585841258,MID,PARIK,bot
146504901,MID,PARIK,bot
158298306,MID,PARIK,bot
184071028,MID,PARIK,bot
200792854,MID,PARIK,bot
234570153,MID,PARIK,bot
241799822,MID,PARIK,bot
247219719,MID,PARIK,bot
258759154,MID,PARIK,bot
264796060,MID,PARIK,bot
276544250,MID,PARIK,bot
289642788,MID,PARIK,bot
299387666,MID,PARIK,bot
328209450,MID,PARIK,bot
352627034,MID,PARIK,bot
352720409,MID,PARIK,bot
354328729,MID,PARIK,bot
360868714,MID,PARIK,bot
407905209,MID,PARIK,bot
408911563,MID,PARIK,bot
420209758,MID,PARIK,bot
421730139,MID,PARIK,bot
430678592,MID,PARIK,bot
434726529,MID,PARIK,bot
450915676,MID,PARIK,bot
456506555,MID,PARIK,bot
460733347,MID,PARIK,bot
469409620,MID,PARIK,bot
486168001,MID,PARIK,bot
491469460,MID,PARIK,bot
492334875,MID,PARIK,bot
492369175,MID,PARIK,bot
495484426,MID,PARIK,bot
497893545,MID,PARIK,bot
498877918,MID,PARIK,bot
511289377,MID,PARIK,bot
511427107,MID,PARIK,bot
512376457,MID,PARIK,bot
514867397,MID,PARIK,bot
519042293,MID,PARIK,bot
519659388,MID,PARIK,bot
525709852,MID,PARIK,bot
530747572,MID,PARIK,bot
542401564,MID,PARIK,bot
545862483,MID,PARIK,bot
554667652,MID,PARIK,bot
558402970,MID,PARIK,bot
563595514,MID,PARIK,bot
564899795,MID,PARIK,bot
565900104,MID,PARIK,bot
567516812,MID,PARIK,bot
568021412,MID,PARIK,bot
570552080,MID,PARIK,bot
570930002,MID,PARIK,bot
571112751,MID,PARIK,bot
571403214,MID,PARIK,bot
573710836,MID,PARIK,bot
574002843,MID,PARIK,bot
574702328,MID,PARIK,bot
574868798,MID,PARIK,bot
577399821,MID,PARIK,bot
577858954,MID,PARIK,bot
577918572,MID,PARIK,bot
579344148,MID,PARIK,bot
579710907,MID,PARIK,bot
580220942,MID,PARIK,bot
581248609,MID,PARIK,bot
581451286,MID,PARIK,bot
581921367,MID,PARIK,bot
582118807,MID,PARIK,bot
582174032,MID,PARIK,bot
582351166,MID,PARIK,bot
582455700,MID,PARIK,bot
582590600,MID,PARIK,bot
583032835,MID,PARIK,bot
583085705,MID,PARIK,bot
583433053,MID,PARIK,bot
583453852,MID,PARIK,bot
583574600,MID,PARIK,bot
583941680,MID,PARIK,bot
584026037,MID,PARIK,bot
584105895,MID,PARIK,bot
584216241,MID,PARIK,bot
584379791,MID,PARIK,bot
584876168,MID,PARIK,bot
585085762,MID,PARIK,bot
585386876,MID,PARIK,bot
585495800,MID,PARIK,bot
585523895,MID,PARIK,bot
585527627,MID,PARIK,bot
27217,HIGH,OLENI,bot
627103,HIGH,OLENI,bot
1337599,HIGH,OLENI,bot
1975464,HIGH,OLENI,bot
2120745,HIGH,OLENI,bot
2130013,HIGH,OLENI,bot
2178198,HIGH,OLENI,bot
2191663,HIGH,OLENI,bot
2808716,HIGH,OLENI,bot
2911978,HIGH,OLENI,bot
3030333,HIGH,OLENI,bot
3463615,HIGH,OLENI,bot
4390833,HIGH,OLENI,bot
4659710,HIGH,OLENI,bot
5236806,HIGH,OLENI,bot
6387048,HIGH,OLENI,bot
6605085,HIGH,OLENI,bot
6960240,HIGH,OLENI,bot
7461324,HIGH,OLENI,bot
7498592,HIGH,OLENI,bot
10069706,HIGH,OLENI,bot
12670748,HIGH,OLENI,bot
13240830,HIGH,OLENI,bot
13529819,HIGH,OLENI,bot
13964655,HIGH,OLENI,bot
14704774,HIGH,OLENI,bot
15396746,HIGH,OLENI,bot
16117426,HIGH,OLENI,bot
16595085,HIGH,OLENI,bot
16790646,HIGH,OLENI,bot
16844457,HIGH,OLENI,bot
18274902,HIGH,OLENI,bot
18755095,HIGH,OLENI,bot
18832407,HIGH,OLENI,bot
19503155,HIGH,OLENI,bot
19740756,HIGH,OLENI,bot
20021284,HIGH,OLENI,bot
20950857,HIGH,OLENI,bot
22230633,HIGH,OLENI,bot
22360301,HIGH,OLENI,bot
23404523,HIGH,OLENI,bot
24429955,HIGH,OLENI,bot
26850160,HIGH,OLENI,bot
27839383,HIGH,OLENI,bot
32034529,HIGH,OLENI,bot
32155147,HIGH,OLENI,bot
34792367,HIGH,OLENI,bot
35227872,HIGH,OLENI,bot
35446544,HIGH,OLENI,bot
35534936,HIGH,OLENI,bot
36851277,HIGH,OLENI,bot
39005548,HIGH,OLENI,bot
40922386,HIGH,OLENI,bot
42566105,HIGH,OLENI,bot
42805719,HIGH,OLENI,bot
43149635,HIGH,OLENI,bot
44951381,HIGH,OLENI,bot
49214721,HIGH,OLENI,bot
50129748,HIGH,OLENI,bot
50657494,HIGH,OLENI,bot
51684114,HIGH,OLENI,bot
52087524,HIGH,OLENI,bot
52633387,HIGH,OLENI,bot
56678255,HIGH,OLENI,bot
57522076,HIGH,OLENI,bot
58115440,HIGH,OLENI,bot
58215198,HIGH,OLENI,bot
62904398,HIGH,OLENI,bot
63418537,HIGH,OLENI,bot
63929411,HIGH,OLENI,bot
64449419,HIGH,OLENI,bot
67163510,HIGH,OLENI,bot
67257584,HIGH,OLENI,bot
68978253,HIGH,OLENI,bot
70910877,HIGH,OLENI,bot
72424581,HIGH,OLENI,bot
75772490,HIGH,OLENI,bot
77467395,HIGH,OLENI,bot
80369608,HIGH,OLENI,bot
82555176,HIGH,OLENI,bot
83320751,HIGH,OLENI,bot
84249617,HIGH,OLENI,bot
85560869,HIGH,OLENI,bot
86771401,HIGH,OLENI,bot
89620560,HIGH,OLENI,bot
90603372,HIGH,OLENI,bot
95904675,HIGH,OLENI,bot
99135412,HIGH,OLENI,bot
99316680,HIGH,OLENI,bot
99368021,HIGH,OLENI,bot
102694856,HIGH,OLENI,bot
103720088,HIGH,OLENI,bot
104831886,HIGH,OLENI,bot
106015740,HIGH,OLENI,bot
108398982,HIGH,OLENI,bot
110611209,HIGH,OLENI,bot
112924111,HIGH,OLENI,bot
116109916,HIGH,OLENI,bot
116218171,HIGH,OLENI,bot
118844075,HIGH,OLENI,bot
120205104,HIGH,OLENI,bot
122673304,HIGH,OLENI,bot
125289390,HIGH,OLENI,bot
126583006,HIGH,OLENI,bot
127808334,HIGH,OLENI,bot
129700693,HIGH,OLENI,bot
130037761,HIGH,OLENI,bot
132226459,HIGH,OLENI,bot
134064003,HIGH,OLENI,bot
134565458,HIGH,OLENI,bot
135507756,HIGH,OLENI,bot
135643095,HIGH,OLENI,bot
136011844,HIGH,OLENI,bot
138159415,HIGH,OLENI,bot
138638192,HIGH,OLENI,bot
139227613,HIGH,OLENI,bot
139337567,HIGH,OLENI,bot
139904297,HIGH,OLENI,bot
141219046,HIGH,OLENI,bot
141303244,HIGH,OLENI,bot
141861808,HIGH,OLENI,bot
142586700,HIGH,OLENI,bot
143703097,HIGH,OLENI,bot
144082011,HIGH,OLENI,bot
145477897,HIGH,OLENI,bot
150482999,HIGH,OLENI,bot
151790638,HIGH,OLENI,bot
151908912,HIGH,OLENI,bot
153962970,HIGH,OLENI,bot
156153202,HIGH,OLENI,bot
156367402,HIGH,OLENI,bot
157356292,HIGH,OLENI,bot
161376901,HIGH,OLENI,bot
161485564,HIGH,OLENI,bot
162218810,HIGH,OLENI,bot
163059283,HIGH,OLENI,bot
164808839,HIGH,OLENI,bot
168307841,HIGH,OLENI,bot
170441552,HIGH,OLENI,bot
172697326,HIGH,OLENI,bot
175358444,HIGH,OLENI,bot
175891420,HIGH,OLENI,bot
176315005,HIGH,OLENI,bot
179148036,HIGH,OLENI,bot
181905741,HIGH,OLENI,bot
186579744,HIGH,OLENI,bot
189339106,HIGH,OLENI,bot
190040432,HIGH,OLENI,bot
194654389,HIGH,OLENI,bot
197441545,HIGH,OLENI,bot
199326342,HIGH,OLENI,bot
201771823,HIGH,OLENI,bot
202944034,HIGH,OLENI,bot
209429898,HIGH,OLENI,bot
217052135,HIGH,OLENI,bot
222592702,HIGH,OLENI,bot
226828793,HIGH,OLENI,bot
227626638,HIGH,OLENI,bot
228516343,HIGH,OLENI,bot
231821543,HIGH,OLENI,bot
233417476,HIGH,OLENI,bot
237639418,HIGH,OLENI,bot
238996761,HIGH,OLENI,bot
239792239,HIGH,OLENI,bot
239950229,HIGH,OLENI,bot
241869361,HIGH,OLENI,bot
245948295,HIGH,OLENI,bot
246100153,HIGH,OLENI,bot
247399522,HIGH,OLENI,bot
250792082,HIGH,OLENI,bot
254524842,HIGH,OLENI,bot
254873984,HIGH,OLENI,bot
255296258,HIGH,OLENI,bot
256696909,HIGH,OLENI,bot
257761251,HIGH,OLENI,bot
259706030,HIGH,OLENI,bot
260801402,HIGH,OLENI,bot
262562613,HIGH,OLENI,bot
264496353,HIGH,OLENI,bot
265833631,HIGH,OLENI,bot
267261743,HIGH,OLENI,bot
267919928,HIGH,OLENI,bot
270225825,HIGH,OLENI,bot
271828562,HIGH,OLENI,bot
275134929,HIGH,OLENI,bot
279694243,HIGH,OLENI,bot
280703639,HIGH,OLENI,bot
281074833,HIGH,OLENI,bot
283237849,HIGH,OLENI,bot
289525587,HIGH,OLENI,bot
289687332,HIGH,OLENI,bot
296389053,HIGH,OLENI,bot
297019022,HIGH,OLENI,bot
297238588,HIGH,OLENI,bot
298026598,HIGH,OLENI,bot
302169937,HIGH,OLENI,bot
306198418,HIGH,OLENI,bot
309063554,HIGH,OLENI,bot
309953861,HIGH,OLENI,bot
310430346,HIGH,OLENI,bot
311606937,HIGH,OLENI,bot
324992514,HIGH,OLENI,bot
327599842,HIGH,OLENI,bot
327984983,HIGH,OLENI,bot
330790754,HIGH,OLENI,bot
330972397,HIGH,OLENI,bot
336596455,HIGH,OLENI,bot
338372625,HIGH,OLENI,bot
339623407,HIGH,OLENI,bot
340599851,HIGH,OLENI,bot
348760920,HIGH,OLENI,bot
348949070,HIGH,OLENI,bot
352196270,HIGH,OLENI,bot
352912747,HIGH,OLENI,bot
354403667,HIGH,OLENI,bot
356991420,HIGH,OLENI,bot
361707899,HIGH,OLENI,bot
362903519,HIGH,OLENI,bot
365496692,HIGH,OLENI,bot
368296449,HIGH,OLENI,bot
368809724,HIGH,OLENI,bot
370809687,HIGH,OLENI,bot
371197518,HIGH,OLENI,bot
372454383,HIGH,OLENI,bot
376764972,HIGH,OLENI,bot
383104131,HIGH,OLENI,bot
398269476,HIGH,OLENI,bot
402866167,HIGH,OLENI,bot
407710158,HIGH,OLENI,bot
409784794,HIGH,OLENI,bot
412698841,HIGH,OLENI,bot
416969998,HIGH,OLENI,bot
417492622,HIGH,OLENI,bot
422921292,HIGH,OLENI,bot
424633910,HIGH,OLENI,bot
425904012,HIGH,OLENI,bot
426875063,HIGH,OLENI,bot
427753048,HIGH,OLENI,bot
432073097,HIGH,OLENI,bot
432191938,HIGH,OLENI,bot
438333859,HIGH,OLENI,bot
443870870,HIGH,OLENI,bot
445186163,HIGH,OLENI,bot
450290171,HIGH,OLENI,bot
451520329,HIGH,OLENI,bot
451989025,HIGH,OLENI,bot
461600728,HIGH,OLENI,bot
467293291,HIGH,OLENI,bot
467822008,HIGH,OLENI,bot
468823351,HIGH,OLENI,bot
471344766,HIGH,OLENI,bot
472760555,HIGH,OLENI,bot
473215945,HIGH,OLENI,bot
479342431,HIGH,OLENI,bot
479780304,HIGH,OLENI,bot
482497386,HIGH,OLENI,bot
482704337,HIGH,OLENI,bot
484304773,HIGH,OLENI,bot
486478306,HIGH,OLENI,bot
487202183,HIGH,OLENI,bot
491560855,HIGH,OLENI,bot
493752402,HIGH,OLENI,bot
496027918,HIGH,OLENI,bot
498368180,HIGH,OLENI,bot
498380529,HIGH,OLENI,bot
501325183,HIGH,OLENI,bot
502377653,HIGH,OLENI,bot
516702629,HIGH,OLENI,bot
520824611,HIGH,OLENI,bot
524705969,HIGH,OLENI,bot
527397372,HIGH,OLENI,bot
527780258,HIGH,OLENI,bot
527933368,HIGH,OLENI,bot
530531368,HIGH,OLENI,bot
530975927,HIGH,OLENI,bot
531855156,HIGH,OLENI,bot
539533966,HIGH,OLENI,bot
539993813,HIGH,OLENI,bot
546540151,HIGH,OLENI,bot
547167556,HIGH,OLENI,bot
548816585,HIGH,OLENI,bot
550169630,HIGH,OLENI,bot
551787133,HIGH,OLENI,bot
555686709,HIGH,OLENI,bot
556981186,HIGH,OLENI,bot
557699111,HIGH,OLENI,bot
557793939,HIGH,OLENI,bot
560118977,HIGH,OLENI,bot
562003043,HIGH,OLENI,bot
562203632,HIGH,OLENI,bot
562850782,HIGH,OLENI,bot
565686815,HIGH,OLENI,bot
569029308,HIGH,OLENI,bot
571309150,HIGH,OLENI,bot
571842338,HIGH,OLENI,bot
572474728,HIGH,OLENI,bot
573530432,HIGH,OLENI,bot
575598079,HIGH,OLENI,bot
576130231,HIGH,OLENI,bot
576631011,HIGH,OLENI,bot
577568340,HIGH,OLENI,bot
581906330,HIGH,OLENI,bot
582956123,HIGH,OLENI,bot
583779473,HIGH,OLENI,bot
