description,available,price,sn
VK.COM Авторег ВК [SIM +62] Индонезия - Пол : Жен. Русские + Ава (заполненые) (рег. - 12.02) живут отлично !!!!,4,14.9,vk
Авторег VK.COM [Актив] (Номер:Пароль) Женский 18-28 лет русские ФИО. RU номер. RU имена кириллицей,157,19.9,vk
New Авторег VK - (SIM +380) Украина (логин:пас) Жен Пустые (Качество отличное живет долго),211,15.9,vk
Авторег VK.COM [Актив] (Номер:Пароль) Женский русские ФИО. Микс: Европа Азия Африка Юж. Амеpика номер. RU имена латиницей,89,17.9,vk
⚡️Авторег/ретрив ВК [RU SIM +7] - Пол : Жен 20+ лет МСК Россия 2-50 Фото ✔️100-200+ друзей полное заполнение⚡️,2,32.9,vk
Ретривы/автореги активы ВК на 1000 + друзей. Женские. Номера РФ. Заполнены все разделы. Лучшее качество!,65,59.9,vk
Vk ( Вк ) Спам блок Актив М (Можно востановить на свои сим-карты) ЧЕКАЛ 30.11.2020,11033,1.5,vk
Vk ( Вк ) Спам блок Актив Ж (Можно востановить на свои сим-карты) ЧЕКАЛ 30.11.2020,4126,1.5,vk
Vk ( Вк ) Спам Блок Неактив М (Можно востановить на свои сим-карты) ЧЕКАЛ 30.11.2020,1366,3.3,vk
Vk ( Вк ) Спам Блок Неактив Ж (Можно востановить на свои сим-карты) ЧЕКАЛ 30.11.2020,5222,3.4,vk
Ретривы/автореги активы ВК на 100+ друзей. Женские. Номера РФ. Заполнены все разделы. Чит. описание,74,59.9,vk
Раскрученный авторег/ретрив с живыми друзьями 500+. Мужской https://vk.com/id474554147,8,99,vk
Раскрученный авторег/ретрив с живыми друзьями 500+ Женский. https://vk.com/id474554147,8,99,vk
Раскрученный женский ретрив с живыми друзьями 1000-2000+. 15-30 фоток 20-30 записей. Полностью заполнен. Пример аккаунта https://vk.com/kunitsin92,11,179,vk
Раскрученный мужской ретрив с живыми друзьями 3000-4000+. 15 фоток 20репостов. https://vk.com/id315843565 Гарантия при записи видео с момента покупки и со входом на акк.,6,399,vk
Раскрученный женский ретрив актив с живыми друзьями 3000-4000+. 15 фоток 20репостов. https://vk.com/id315843565 Гарантия при записи видео с момента покупки и со входом на акк.,8,399,vk
Раскрученный ретрив актив с живыми друзьями 4000-5000+. 15 фоток 20репостов. https://vk.com/id315843565 Гарантия при записи видео с момента покупки и со входом на акк.,20,499,vk
Раскрученный ретрив актив с живыми друзьями 5000-6000+. 15 фоток 20репостов. https://vk.com/id315843565 Гарантия при записи видео с момента покупки и со входом на акк.,15,599,vk
Раскрученный ретрив актив с живыми друзьями 6000-7000+. 15 фоток 20репостов. https://vk.com/id315843565 Гарантия при записи видео с момента покупки и со входом на акк.,31,699,vk
Раскрученный ретрив актив с живыми друзьями 7000-8000+. 15 фоток 20репостов. https://vk.com/id315843565 Гарантия при записи видео с момента покупки и со входом на акк.,26,799,vk
Раскрученный ретрив актив с живыми друзьями 8000-9000+. 15 фоток 20репостов. https://vk.com/id315843565 Гарантия при записи видео с момента покупки и со входом на акк.,16,899,vk
Раскрученный ретрив актив с живыми друзьями 9000-10000+. 15 фоток 20репостов. https://vk.com/id315843565 Гарантия при записи видео с момента покупки и со входом на акк.,2,999,vk
Раскрученный женский/мужской ретрив актив с живыми друзьями 10000+. 15 фоток 20репостов. https://vk.com/id315843565 Гарантия при записи видео с момента покупки и со входом на акк.,3,1099,vk
Аккаунт Vk.com Mix. Вход только по токену. Формат log:pass:token РФ - 70%,214,7.9,vk
Авторег VK.COM - Зарегистрированы через Facebook ЧИТ. ОПИСАНИЕ!!! Вход с любой страны.,4,12.9,vk
VK.COM друзей 0-10 (ОЧЕНЬ долго живут) РФ. Актив. Можно зайти с любого IP. Отличная замена авторега!,251,8.9,vk
Аккаунты Vk.com Rus VK.COM RUS [ 100% Актив ] - ДРУЗЕЙ 100+ 18+. [Москва] (в логине email или номер),20,25.9,vk
VK.COM RUS [ 100% Актив ] - ДРУЗЕЙ 0-50. [Москва] (в логине email или номер),3,12.9,vk
VK.COM RUS [ 100% Актив ] - ДРУЗЕЙ 100+ 18+ лет. [Санкт-Петербург] (в логине email или номер),7,25.9,vk
VK.COM RUS [ 100% Актив ] - ДРУЗЕЙ 0-50. [Санкт-Петербург] (в логине email или номер),9,12.9,vk
VK.COM RUS [ 100% Актив ] - (Почта:Пароль) ДРУЗЕЙ 100-,2817,11.9,vk
VK.COM RUS [ 100% Актив ] - (Почта:Пароль) ДРУЗЕЙ 50+,2,11.9,vk
VK.COM RUS [ 100% Актив ] - (Почта:Пароль) ДРУЗЕЙ 50-100+ 21+ лет,78,13.9,vk
VK.COM RUS [ 100% Актив ] - (Номер:Пароль) ДРУЗЕЙ 100-,113,9.5,vk
VK.COM RUS [ 100% Актив ] - (Номер:Пароль) ДРУЗЕЙ 50+,9253,9.9,vk
VK.COM RUS [ 100% Актив ] - (Номер:Пароль) ДРУЗЕЙ 50-100+ 21+ лет,406,12.9,vk
Акки Vk.com Ukr VK.COM UKR [ 100% Актив ] - ДРУЗЕЙ 50+. Возраст 21+,1031,10.9,vk
Аккаунты Vk.com SNG VK.COM СНГ+Прочие страны [ 100% Актив ] - (Email:Пароль). Друзей 100+ . Вход с любых IP,6,11.9,vk
VK.COM SNG (BEL KZ и др.) [ 100% Актив ] - (Номер:Пароль). Друзей 100-,64,7.9,vk
VK.COM SNG (BEL KZ и др.) [ 100% Актив ] - (Номер:Пароль). Друзей 100+,74,8.9,vk
VK.COM SNG (BEL KZ и др.) [ 100% Актив ] . Друзей 50+ Возраст 21+,1630,8.9,vk
Неактив/Ретрив - номер телефона не привязан VK.COM [ Неактив/Ретрив - без привязки к телефону],14829,9.9,vk
VK.COM [ Неактив/Ретрив - без привязки к телефону] ДРУЗЕЙ ОТ 50+,1999,19.9,vk
VK.COM [ Неактив/Ретрив - без привязки к телефону] ДРУЗЕЙ ОТ 100+,2476,22.9,vk